NSE_INDEX|Nifty 50,Nifty 50
NSE_INDEX|NIFTY50 EQL Wgt,NIFTY50 EQL Wgt
NSE_INDEX|NIFTY100 EQL Wgt,NIFTY100 EQL Wgt
NSE_INDEX|NIFTY100 LowVol30,NIFTY100 LowVol30
NSE_INDEX|NIFTY Alpha 50,NIFTY Alpha 50
NSE_INDEX|NIFTY MIDCAP 150,NIFTY MIDCAP 150
NSE_INDEX|NIFTY SMLCAP 50,NIFTY SMLCAP 50
NSE_INDEX|NIFTY SMLCAP 250,NIFTY SMLCAP 250
NSE_INDEX|NIFTY MIDSML 400,NIFTY MIDSML 400
NSE_INDEX|NIFTY200 QUALTY30,NIFTY200 QUALTY30
NSE_INDEX|Nifty FinSrv25 50,Nifty FinSrv25 50
NSE_INDEX|NIFTY AlphaLowVol,NIFTY AlphaLowVol
NSE_INDEX|Nifty200Momentm30,Nifty200Momentm30
NSE_INDEX|Nifty100ESGSecLdr,Nifty100ESGSecLdr
NSE_INDEX|NIFTY100 ESG,NIFTY100 ESG
NSE_INDEX|NIFTY M150 QLTY50,NIFTY M150 QLTY50
NSE_INDEX|NIFTY INDIA MFG,NIFTY INDIA MFG
NSE_INDEX|Nifty200 Alpha 30,Nifty200 Alpha 30
NSE_INDEX|NiftyM150Momntm50,NiftyM150Momntm50
NSE_INDEX|Nifty IT,Nifty IT
NSE_INDEX|Nifty Next 50,Nifty Next 50
NSE_INDEX|Nifty Bank,Nifty Bank
NSE_INDEX|NIFTY MIDCAP 100,NIFTY MIDCAP 100
NSE_INDEX|Nifty 500,Nifty 500
NSE_INDEX|Nifty 100,Nifty 100
NSE_INDEX|Nifty Midcap 50,Nifty Midcap 50
NSE_INDEX|Nifty Realty,Nifty Realty
NSE_INDEX|Nifty Infra,Nifty Infra
NSE_INDEX|Nifty Energy,Nifty Energy
NSE_INDEX|Nifty FMCG,Nifty FMCG
NSE_INDEX|Nifty MNC,Nifty MNC
NSE_INDEX|Nifty Pharma,Nifty Pharma
NSE_INDEX|Nifty PSE,Nifty PSE
NSE_INDEX|Nifty PSU Bank,Nifty PSU Bank
NSE_INDEX|Nifty Serv Sector,Nifty Serv Sector
NSE_INDEX|India VIX,India VIX
NSE_INDEX|Nifty Auto,Nifty Auto
NSE_INDEX|Nifty Metal,Nifty Metal
NSE_INDEX|Nifty Media,Nifty Media
NSE_INDEX|NIFTY SMLCAP 100,NIFTY SMLCAP 100
NSE_INDEX|Nifty 200,Nifty 200
NSE_INDEX|Nifty Div Opps 50,Nifty Div Opps 50
NSE_INDEX|Nifty Commodities,Nifty Commodities
NSE_INDEX|Nifty Consumption,Nifty Consumption
NSE_INDEX|Nifty Fin Service,Nifty Fin Service
NSE_INDEX|Nifty50 Div Point,Nifty50 Div Point
NSE_INDEX|Nifty100 Liq 15,Nifty100 Liq 15
NSE_INDEX|Nifty CPSE,Nifty CPSE
NSE_INDEX|Nifty GrowSect 15,Nifty GrowSect 15
NSE_INDEX|Nifty50 PR 2x Lev,Nifty50 PR 2x Lev
NSE_INDEX|Nifty50 PR 1x Inv,Nifty50 PR 1x Inv
NSE_INDEX|Nifty50 TR 2x Lev,Nifty50 TR 2x Lev
NSE_INDEX|Nifty50 TR 1x Inv,Nifty50 TR 1x Inv
NSE_INDEX|Nifty50 Value 20,Nifty50 Value 20
NSE_INDEX|Nifty Mid Liq 15,Nifty Mid Liq 15
NSE_INDEX|Nifty Pvt Bank,Nifty Pvt Bank
NSE_INDEX|NIFTY100 Qualty30,NIFTY100 Qualty30
NSE_INDEX|Nifty GS 8 13Yr,Nifty GS 8 13Yr
NSE_INDEX|Nifty GS 10Yr,Nifty GS 10Yr
NSE_INDEX|Nifty GS 10Yr Cln,Nifty GS 10Yr Cln
NSE_INDEX|Nifty GS 4 8Yr,Nifty GS 4 8Yr
NSE_INDEX|Nifty GS 11 15Yr,Nifty GS 11 15Yr
NSE_INDEX|Nifty GS 15YrPlus,Nifty GS 15YrPlus
NSE_INDEX|Nifty GS Compsite,Nifty GS Compsite
NSE_INDEX|NIFTY HEALTHCARE,NIFTY HEALTHCARE
NSE_INDEX|NIFTY CONSR DURBL,NIFTY CONSR DURBL
NSE_INDEX|NIFTY OIL AND GAS,NIFTY OIL AND GAS
NSE_INDEX|NIFTY500 MULTICAP,NIFTY500 MULTICAP
NSE_INDEX|NIFTY LARGEMID250,NIFTY LARGEMID250
NSE_INDEX|NIFTY MID SELECT,NIFTY MID SELECT
NSE_INDEX|NIFTY TOTAL MKT,NIFTY TOTAL MKT
NSE_INDEX|NIFTY MICROCAP250,NIFTY MICROCAP250
NSE_INDEX|NIFTY IND DIGITAL,NIFTY IND DIGITAL
NSE_EQ|INE144J01027,20 MICRONS LTD
NSE_EQ|INE253B01015,21ST CENTURY MGMT SERVICE
NSE_EQ|INE466L01038,360 ONE WAM LIMITED
NSE_EQ|INE748C01038,3I INFOTECH LIMITED
NSE_EQ|INE470A01017,3M INDIA LIMITED
NSE_EQ|INE105C01023,3P LAND HOLDINGS LIMITED
NSE_EQ|INE618L01018,5PAISA CAPITAL LIMITED
NSE_EQ|INE111B01023,63 MOONS TECHNOLOGIES LTD
NSE_EQ|INE619I01012,A2Z INFRA ENGINEERING LTD
NSE_EQ|INE0D0U01013,AAA TECHNOLOGIES LIMITED
NSE_EQ|INE087Z01024,AAKASH EXPLORATION SER L
NSE_EQ|INE198H01019,AAREY DRUGS & PHARM LTD
NSE_EQ|INE721Z01010,AARON INDUSTRIES LIMITED
NSE_EQ|INE01C001018,AARTECH SOLONICS LIMITED
NSE_EQ|INE767A01016,AARTI DRUGS LTD.
NSE_EQ|INE769A01020,AARTI INDUSTRIES LTD
NSE_EQ|INE0LRU01027,AARTI PHARMALABS LIMITED
NSE_EQ|INE09EO01013,AARTI SURFACTANTS LIMITED
NSE_EQ|INE273D01019,AARVEE DEN. & EXP. LTD
NSE_EQ|INE754X01016,AARVI ENCON LIMITED
NSE_EQ|INE216P01012,AAVAS FINANCIERS LIMITED
NSE_EQ|INE421A01028,ABAN OFFSHORE LTD.
NSE_EQ|INE117A01022,ABB INDIA LIMITED
NSE_EQ|INE358A01014,ABBOTT INDIA LIMITED
NSE_EQ|INE674K01013,ADITYA BIRLA CAPITAL LTD.
NSE_EQ|INE647O01011,ADITYA BIRLA FASHION & RT
NSE_EQ|INE251C01025,ABM INTERNATIONAL LTD
NSE_EQ|INE404A01024,ADIT BIRL SUN LIF AMC LTD
NSE_EQ|INE012A01025,ACC LIMITED
NSE_EQ|INE793A01012,ACCELYA SOLN INDIA LTD
NSE_EQ|INE648Z01023,ACCURACY SHIPPING LIMITED
NSE_EQ|INE731H01025,ACTION CONST EQUIP LTD
NSE_EQ|INE543V01017,ACE INTEGRATED SOLU. LTD.
NSE_EQ|INE128X01021,ARCHEAN CHEMICAL IND LTD
NSE_EQ|INE666E01020,ANDHRA CEMENTS LIMITED
NSE_EQ|INE152B01027,ALLCARGO GATI LIMITED
NSE_EQ|INE931S01010,ADANI ENERGY SOLUTION LTD
NSE_EQ|INE423A01024,ADANI ENTERPRISES LIMITED
NSE_EQ|INE364U01010,ADANI GREEN ENERGY LTD
NSE_EQ|INE742F01042,ADANI PORT & SEZ LTD
NSE_EQ|INE814H01011,ADANI POWER LTD
NSE_EQ|INE982B01027,ADF FOODS LIMITED
NSE_EQ|INE0CHO01012,ARCHIDPLY DECOR LIMITED
NSE_EQ|INE045A01017,ADOR WELDING LTD
NSE_EQ|INE737B01033,ADROIT INFOTECH LIMITED
NSE_EQ|INE102I01027,ALLIED DIGITAL SERV. LTD
NSE_EQ|INE199C01026,ADVANI HOT.& RES.(I) LTD
NSE_EQ|INE837H01020,ADVANCED ENZYME TECH LTD
NSE_EQ|INE208C01025,AEGIS LOGISTICS LIMITED
NSE_EQ|INE024001021,AEROFLEX INDUSTRIES LTD
NSE_EQ|INE0BWX01014,AETHER INDUSTRIES LIMITED
NSE_EQ|INE00WC01027,AFFLE (INDIA) LIMITED
NSE_EQ|INE204E01012,AGARWAL INDS CORP LTD.
NSE_EQ|INE415A01038,AGI GREENPAC LIMITED
NSE_EQ|INE449G01018,AGRI-TECH (INDIA) LIMITED
NSE_EQ|INE740V01019,AGRO PHOS INDIA LIMITED
NSE_EQ|INE583L01014,AGS TRANSACT TECH LTD
NSE_EQ|INE00ZE01026,ABANS HOLDINGS LIMITED
NSE_EQ|INE00PV01013,AHLADA ENGINEERS LIMITED
NSE_EQ|INE926K01017,ASIAN HOTELS (EAST) LTD
NSE_EQ|INE758C01029,AHLUWALIA CONT IND LTD
NSE_EQ|INE212H01026,AIA ENGINEERING LIMITED
NSE_EQ|INE645W01026,AIRAN LIMITED
NSE_EQ|INE801L01010,AIRO LAM LIMITED
NSE_EQ|IN9397D01014,AIRTEL RS. 1.25 PPD UP
NSE_EQ|INE031B01049,AJANTA PHARMA LIMITED
NSE_EQ|INE298G01027,AJMERA REALTY & INF I LTD
NSE_EQ|INE820Y01021,AJOONI BIOTECH LIMITED
NSE_EQ|INE737W01013,AKASH INFRA-PROJECTS LTD
NSE_EQ|INE00Y801016,AKG EXIM LIMITED
NSE_EQ|INE642Z01026,AKI INDIA LIMITED
NSE_EQ|INE256Z01025,AKSHAR SPINTEX LIMITED
NSE_EQ|INE542B01011,AKSHARCHEM INDIA LIMITED
NSE_EQ|INE523B01011,AKSH OPTIFIBRE  LTD
NSE_EQ|INE133A01011,AKZO NOBEL INDIA LIMITED
NSE_EQ|INE914E01040,ALANKIT LIMITED
NSE_EQ|INE155C01010,ALBERT DAVID LIMITED
NSE_EQ|INE426A01027,ALEMBIC LIMITED
NSE_EQ|INE062D01024,ALICON CASTALLOY LIMITED
NSE_EQ|INE773I01017,ALKALI METALS LTD
NSE_EQ|INE540L01014,ALKEM LABORATORIES LTD.
NSE_EQ|INE150B01039,ALKYL AMINES CHEM. LTD
NSE_EQ|INE418H01029,ALLCARGO LOGISTICS LTD
NSE_EQ|INE835G01018,ALLSEC TECHNOLOGIES LTD
NSE_EQ|INE326B01027,ALMONDZ GLOBAL SEC LTD
NSE_EQ|INE270A01029,ALOK INDUSTRIES LIMITED
NSE_EQ|INE385I01010,ALPA LABORATORIES LTD
NSE_EQ|INE137C01018,ALPHAGEO (INDIA) LIMITED
NSE_EQ|INE093B01015,ALPS INDUSTRIES LTD
NSE_EQ|INE371P01015,AMBER ENTERPRISES (I) LTD
NSE_EQ|INE792B01012,AMBICA AGAR & AROMAINDLTD
NSE_EQ|INE540G01014,AMBIKA COTTON MILL LTD.
NSE_EQ|INE079A01024,AMBUJA CEMENTS LTD
NSE_EQ|INE005I01014,AMD INDUSTRIES LIMITED
NSE_EQ|INE00FF01017,AMI ORGANICS LIMITED
NSE_EQ|INE606A01024,AMJ LAND HOLDINGS LIMITED
NSE_EQ|INE275D01022,AMINES & PLASTICIZERS LTD
NSE_EQ|INE098F01031,AMRUTAJAN HEALTH LTD
NSE_EQ|INE463V01026,ANAND RATHI WEALTH LTD
NSE_EQ|INE242C01024,ANANT RAJ LIMITED
NSE_EQ|INE435A01028,ANDHRA PAPER LIMITED
NSE_EQ|INE715B01021,ANDHRA SUGARS LTD
NSE_EQ|INE732I01013,ANGEL ONE LIMITED
NSE_EQ|INE087B01017,ANIK INDUSTRIES LTD
NSE_EQ|INE106I01010,ANKIT MET & POW LTD
NSE_EQ|INE02AR01019,ANMOL INDIA LIMITED
NSE_EQ|INE414B01021,ANTARCTICA LTD
NSE_EQ|INE294Z01018,THE ANUP ENGINEERING LTD
NSE_EQ|INE930P01018,ANUPAM RASAYAN INDIA LTD
NSE_EQ|INE372A01015,APAR INDUSTRIES LTD.
NSE_EQ|INE071F01012,ANJANI PORTLAND CEM LTD
NSE_EQ|INE116A01032,APCOTEX INDUSTRIES LIMITE
NSE_EQ|INE346W01013,APEX FROZEN FOODS LIMITED
NSE_EQ|INE702C01027,APL APOLLO TUBES LTD
NSE_EQ|INE901L01018,ALEMBIC PHARMA LTD
NSE_EQ|INE713T01028,APOLLO MICRO SYSTEMS LTD
NSE_EQ|INE437A01024,APOLLO HOSPITALS ENTER. L
NSE_EQ|INE126J01016,APOLLO PIPES LIMITED
NSE_EQ|INE438A01022,APOLLO TYRES LTD
NSE_EQ|INE451F01024,APOLLO SINDOORI HOTEL LTD
NSE_EQ|INE266F01018,APTECH LIMITED
NSE_EQ|INE852O01025,APTUS VALUE HSG FIN I LTD
NSE_EQ|INE877I01016,ARCHIDPLY IND. LTD
NSE_EQ|INE731A01020,ARCHIES LTD
NSE_EQ|INE885A01032,AMARA RAJA ENERGY MOB LTD
NSE_EQ|INE610C01014,RAJDARSHAN INDUSTRIES LTD
NSE_EQ|INE298I01015,ARIES AGRO LTD.
NSE_EQ|INE420B01036,ARIHANT CAPITAL MKTS LTD
NSE_EQ|INE643K01018,ARIHANT SUPERSTRUCT LTD
NSE_EQ|INE109C01017,ARMAN FIN SERV LTD
NSE_EQ|INE210C01013,ARO GRANITE IND. LTD.
NSE_EQ|INE570D01018,ARROW GREENTECH LIMITED
NSE_EQ|INE968D01022,ARSHIYA LIMITED
NSE_EQ|INE025R01021,ARTEMIS MED SERVICE LTD
NSE_EQ|INE738V01013,ART NIRMAN LIMITED
NSE_EQ|INE006Z01016,ARVEE LABORATORIES I LTD
NSE_EQ|INE034A01011,ARVIND LIMITED
NSE_EQ|INE955V01021,ARVIND FASHIONS LIMITED
NSE_EQ|INE034S01021,ARVIND SMARTSPACES LTD
NSE_EQ|INE439A01020,ASAHI INDIA GLASS LIMITED
NSE_EQ|INE228I01012,ASAHI SONGWON COLOR LTD
NSE_EQ|INE900C01027,AUTOMOTIVE STAMPINGS & AS
NSE_EQ|INE073G01016,ASSO ALCOHOLS & BREW LTD
NSE_EQ|INE365D01021,ASHIANA HOUSING LTD
NSE_EQ|INE440A01010,ASHIMA LTD
NSE_EQ|INE442H01029,ASHOKA BUILDCON LTD
NSE_EQ|INE760Y01011,ASHOKA METCAST LIMITED
NSE_EQ|INE208A01029,ASHOK LEYLAND LTD
NSE_EQ|INE276G01015,ASIAN ENERGY SERVICES LTD
NSE_EQ|INE363A01022,ASIAN HOTELS (NORTH) LTD
NSE_EQ|INE021A01026,ASIAN PAINTS LIMITED
NSE_EQ|INE022I01019,ASIAN GRANITO IND. LTD.
NSE_EQ|INE491J01022,ASK AUTOMOTIVE LIMITED
NSE_EQ|INE855F01042,BARTRONICS INDIA LIMITED
NSE_EQ|INE991I01015,ASPINWALL & CO LTD
NSE_EQ|INE563J01010,ASTEC LIFESCIENCES LTD
NSE_EQ|INE914M01019,ASTER DM HEALTHCARE LTD.
NSE_EQ|INE006I01046,ASTRAL LIMITED
NSE_EQ|INE386C01029,ASTRA MICROWAVE LTD
NSE_EQ|INE203A01020,ASTRAZENECA PHARMA IND LT
NSE_EQ|INE646X01014,ASTRON PAPER BORD MIL LTD
NSE_EQ|INE0ALR01029,ATAL REALTECH LIMITED
NSE_EQ|INE09KD01013,ATAM VALVES LIMITED
NSE_EQ|INE209A01019,AGRO TECH FOODS LIMITED
NSE_EQ|INE399L01023,ADANI TOTAL GAS LIMITED
NSE_EQ|INE0NN701020,ALLCARGO TERMINALS LTD
NSE_EQ|INE285H01022,ATLANTAA LIMITED
NSE_EQ|INE100A01010,ATUL LTD
NSE_EQ|INE951D01028,ATUL AUTO LIMITED
NSE_EQ|INE949L01017,AU SMALL FINANCE BANK LTD
NSE_EQ|INE132H01018,AURIONPRO SOLN LTD
NSE_EQ|INE406A01037,AUROBINDO PHARMA LTD
NSE_EQ|INE898S01029,AURUM PROPTECH LIMITED
NSE_EQ|IN9898S01019,AURUM PRO RS.1.25 PPD UP
NSE_EQ|INE218C01016,AUSOM ENTERPRISE LIMITED
NSE_EQ|INE449A01011,AUTOMOTIVE AXLES LIMITED
NSE_EQ|INE718H01014,AUTOLINE INDUSTRIES LTD
NSE_EQ|INE349W01017,AVADH SUG & ENERGY LTD
NSE_EQ|INE0LCL01028,AVALON TECHNOLOGIES LTD
NSE_EQ|INE871C01038,AVANTI FEEDS LIMITED
NSE_EQ|INE680Z01018,AVG LOGISTICS LIMITED
NSE_EQ|INE323B01016,AVONMORE CAP&MGT SERV LTD
NSE_EQ|INE652Z01017,AVRO INDIA LIMITED
NSE_EQ|INE488D01021,AVT NATURAL PRODUCTS LTD
NSE_EQ|INE01BK01022,ANTONY WASTE HDG CELL LTD
NSE_EQ|INE699H01024,ADANI WILMAR LIMITED
NSE_EQ|INE238A01034,AXIS BANK LIMITED
NSE_EQ|INE555B01013,AXISCADES TECH LTD
NSE_EQ|INE02EZ01022,AXITA COTTON LIMITED
NSE_EQ|INE193B01039,AYM SYNTEX LIMITED
NSE_EQ|INE02IJ01035,AZAD ENGINEERING LIMITED
NSE_EQ|INE878I01022,BAFNA PHARMACEUTICALS LTD
NSE_EQ|INE116D01028,B.A.G FILMS AND MEDIA LTD
NSE_EQ|INE020D01022,BAID FINSERV LIMITED
NSE_EQ|INE917I01010,BAJAJ AUTO LIMITED
NSE_EQ|INE933K01021,BAJAJ CONSUMER CARE LTD
NSE_EQ|INE193E01025,BAJAJ ELECT.LTD
NSE_EQ|INE918I01026,BAJAJ FINSERV LTD.
NSE_EQ|INE411U01027,BAJAJ HEALTHCARE LIMITED
NSE_EQ|INE306A01021,BAJAJ HINDUSTHAN SUGAR LT
NSE_EQ|INE118A01012,BAJAJ HOLDINGS & INVS LTD
NSE_EQ|INE0KQN01018,BAJEL PROJECTS LIMITED
NSE_EQ|INE296A01024,BAJAJ FINANCE LIMITED
NSE_EQ|INE794B01026,BALAJI TELEFILMS LIMITED.
NSE_EQ|INE050E01027,BALAJI AMINES LIMITED
NSE_EQ|INE618N01014,BALAXI PHARMA LTD
NSE_EQ|INE875R01011,BALKRISHNA PAPER MILLS L
NSE_EQ|INE787D01026,BALKRISHNA IND. LTD
NSE_EQ|INE164A01016,BALMER LAWRIE & CO LTD
NSE_EQ|INE083D01012,BAL PHARMA LTD.
NSE_EQ|INE119A01028,BALRAMPUR CHINI MILLS LTD
NSE_EQ|INE655B01011,BANARAS BEADS LTD
NSE_EQ|INE459A01010,BANNARI AMMAN SUGARS LTD
NSE_EQ|INE213C01025,BANCO PRODUCTS (I) LTD
NSE_EQ|INE545U01014,BANDHAN BANK LIMITED
NSE_EQ|INE863I01016,BANG OVERSEAS LTD.
NSE_EQ|INE862Y01015,BANKA BIOLOO LIMITED
NSE_EQ|INE028A01039,BANK OF BARODA
NSE_EQ|INE084A01016,BANK OF INDIA
NSE_EQ|INE629D01020,BANSWARA SYNTEX LIMITED
NSE_EQ|INE382M01027,BARBEQUE NATION HOSP. LTD
NSE_EQ|INE373A01013,BASF INDIA LTD
NSE_EQ|INE186H01022,BANNARI AM SPIN MILL LTD.
NSE_EQ|INE176A01028,BATA INDIA LTD
NSE_EQ|INE462A01022,BAYER CROPSCIENCE LTD
NSE_EQ|INE464A01028,BHARAT BIJLEE LTD
NSE_EQ|INF251K01SU9,BARODABNP - BBNPPGOLD
NSE_EQ|INE676A01027,BLACK BOX LIMITED
NSE_EQ|INE050A01025,BOMBAY BURMAH TRADING COR
NSE_EQ|INE01EE01011,B&B TRIPLEWALL CONT LTD
NSE_EQ|INE425B01027,BRIGHTCOM GROUP LIMITED
NSE_EQ|INE412G01024,BCL INDUSTRIES LIMITED
NSE_EQ|INE977Y01011,BRAND CONCEPTS LIMITED
NSE_EQ|INE171Z01018,BHARAT DYNAMICS LIMITED
NSE_EQ|INE520H01022,BEARDSELL LIMITED
NSE_EQ|INE495P01012,MRS BECTORS FOOD SPE LTD
NSE_EQ|INE844K01012,BEDMUTHA INDUST LTD
NSE_EQ|INE263A01024,BHARAT ELECTRONICS LTD
NSE_EQ|INE258A01016,BEML LIMITED
NSE_EQ|INE922A01025,BHANSALI ENG. POLYMERS LT
NSE_EQ|INE463A01038,BERGER PAINTS (I) LTD
NSE_EQ|INE878K01010,BF INVESTMENT LIMITED
NSE_EQ|INE243D01012,BF UTILITIES LIMITED
NSE_EQ|INE661I01014,BGR ENERGY SYSTEMS LTD
NSE_EQ|INE414D01019,BHAGIRADHA CHEM & INDS L
NSE_EQ|INE354C01027,BHAGERIA INDUSTRIES LTD
NSE_EQ|INE458B01036,BHAGYANAGAR INDIA LIMITED
NSE_EQ|INE474E01029,BHANDARI HOSIERY EXP LTD
NSE_EQ|INE465A01025,BHARAT FORGE LTD
NSE_EQ|INE561C01019,BHARAT GEARS LTD.
NSE_EQ|INE838B01013,BHARAT RASAYAN LTD
NSE_EQ|INE316L01019,BHARAT WIRE ROPES LTD.
NSE_EQ|INE397D01024,BHARTI AIRTEL LIMITED
NSE_EQ|INE257A01026,BHEL
NSE_EQ|INE412U01025,BIGBLOC CONSTRUCTION LTD
NSE_EQ|INE00E101023,BIKAJI FOODS INTERN LTD
NSE_EQ|INE828A01016,BHARTIYA INETRNATIONAL LT
NSE_EQ|INE071A01013,BINANI INDUSTRIES LTD
NSE_EQ|INE376G01013,BIOCON LIMITED.
NSE_EQ|INE829A01014,BIOFIL CHEM & PHARMA LTD
NSE_EQ|INE800A01015,BIRLA CABLE LIMITED
NSE_EQ|INE340A01012,BIRLA CORPORATION LTD
NSE_EQ|INE865C01022,ADITYA BIRLA MONEY LTD
NSE_EQ|INE831Q01016,BKM INDUSTRIES LIMITED
NSE_EQ|INE0N7W01012,BEML LAND ASSETS LIMITED
NSE_EQ|INE791A01024,BLB LIMITED
NSE_EQ|INE416D01022,BLISS GVS PHARMA LTD
NSE_EQ|INE350H01032,B.L.KASHYAP & SON LTD
NSE_EQ|INE153T01027,BLS INTL SERVS LTD
NSE_EQ|INE0NLT01010,BLS E-SERVICES LIMITED
NSE_EQ|INE657B01025,BLUE CHIP INDIA LIMITED
NSE_EQ|INE233B01017,BLUE DART EXPRESS LTD
NSE_EQ|INE0KBH01020,BLUE JET HEALTHCARE LTD
NSE_EQ|INE472A01039,BLUE STAR LIMITED
NSE_EQ|INE338D01028,BODAL CHEMICALS LTD
NSE_EQ|INE802W01023,BOHRA INDUSTRIES LIMITED
NSE_EQ|INE032A01023,BOMBAY DYEING & MFG. CO L
NSE_EQ|INE02PY01013,BOROSIL LIMITED
NSE_EQ|INE666D01022,BOROSIL RENEWABLES LTD
NSE_EQ|INE323A01026,BOSCH LIMITED
NSE_EQ|INE029A01011,BHARAT PETROLEUM CORP  LT
NSE_EQ|INE110A01019,BPL LTD
NSE_EQ|INE791I01019,BRIGADE ENTER. LTD
NSE_EQ|INE216A01030,BRITANNIA INDUSTRIES LTD
NSE_EQ|INE727S01012,BHARAT ROAD NETWORK LTD
NSE_EQ|INE650L01011,BROOKS LAB LIMITED
NSE_EQ|INE118H01025,BSE LIMITED
NSE_EQ|INE032Z01020,BOMBAY SUPER HYBRID SEEDS
NSE_EQ|INE594B01012,BSL LTD
NSE_EQ|INE836A01035,BIRLASOFT LIMITED
NSE_EQ|INE0EEJ01015,BODHI TREE MULTIMEDIA LTD
NSE_EQ|INE817H01014,BURNPUR CEMENT LTD.
NSE_EQ|INE295F01017,BTRFLY GANDHI APPL LTD
NSE_EQ|INE139I01011,BARAK VALLEY CEM. LTD.
NSE_EQ|INE319B01014,THE BYKE HOSPITALITY LTD
NSE_EQ|INE526B01014,CALIFORNIA SOFTWARE CO LT
NSE_EQ|INE052I01032,CAMLIN FINE SCIENCES LTD
NSE_EQ|INE278Y01022,CAMPUS ACTIVEWEAR LIMITED
NSE_EQ|INE596I01012,COMPUTER AGE MNGT SER LTD
NSE_EQ|INE476A01014,CANARA BANK
NSE_EQ|INE477A01020,CAN FIN HOMES LTD
NSE_EQ|INE068L01024,CANTABIL RETAIL LTD
NSE_EQ|INE264T01014,CAPACITE INFRAPROJECT LTD
NSE_EQ|INE646H01017,CAPITAL SMALL FIN BANK L
NSE_EQ|INE475E01026,CAPLIN POINT LAB LTD.
NSE_EQ|INE707C01018,CAPITAL TRUST LIMITED
NSE_EQ|INE120A01034,CARBORUNDUM UNIVERSAL LTD
NSE_EQ|INE521J01018,CAREER POINT LIMITED
NSE_EQ|INE752H01013,CARE RATINGS LIMITED
NSE_EQ|INE290S01011,CARTRADE TECH LIMITED
NSE_EQ|INE482D01024,CARYSIL LIMITED
NSE_EQ|INE172A01027,CASTROL INDIA LIMITED
NSE_EQ|INE652F01027,COUNTRY CLUB HOSP HOL LTD
NSE_EQ|INE421D01022,CCL PRODUCTS (I) LTD
NSE_EQ|INE736A01011,CENTRAL DEPO SER (I) LTD
NSE_EQ|INE482A01020,CEAT LIMITED
NSE_EQ|INE185H01016,CELEBRITY FASHIONS LTD
NSE_EQ|INE0LMW01024,CELLO WORLD LIMITED
NSE_EQ|INE485A01015,CENTURY ENKA LTD
NSE_EQ|INE281A01026,CENTURY EXTRUSIONS LTD
NSE_EQ|INE483A01010,CENTRAL BANK OF INDIA
NSE_EQ|INE660C01027,CENTRUM CAPITAL LIMITED
NSE_EQ|INE320B01020,CENTUM ELECTRONICS LTD
NSE_EQ|INE348B01021,CENTURY PLYBOARDS (I) LTD
NSE_EQ|INE055A01016,CENTURY TEXTILES LTD
NSE_EQ|INE739E01017,CERA SANITARYWARE LTD
NSE_EQ|INE345B01019,CEREBRA INT TECH LTD
NSE_EQ|INE486A01021,CESC LTD
NSE_EQ|INE180C01026,CAPRI GLOBAL CAPITAL LTD
NSE_EQ|INE067A01029,CG POWER AND IND SOL LTD
NSE_EQ|INE427F01016,CHALET HOTELS LIMITED
NSE_EQ|INE085A01013,CHAMBAL FERTILIZERS LTD
NSE_EQ|INE995D01025,CHEMBOND CHEMICALS LTD
NSE_EQ|INE03YM01018,CHEMCON SPECIAL CHEM LTD
NSE_EQ|INE783X01023,CHEMFAB ALKALIS LIMITED
NSE_EQ|INE488A01050,CHEMPLAST SANMAR LIMITED
NSE_EQ|INE178A01016,CHENNAI PETROLEUM CORP LT
NSE_EQ|INE974B01016,CHEVIOT COMPANY LIMITED
NSE_EQ|INE102B01014,CHOICE INTERNATIONAL LTD
NSE_EQ|INE121A01024,CHOLAMANDALAM IN & FIN CO
NSE_EQ|INE149A01033,CHOLAMANDALAM FIN HOL LTD
NSE_EQ|INE536H01010,CIE AUTOMOTIVE INDIA LTD
NSE_EQ|INE675C01017,CIGNITI TECHNOLOGIES LTD
NSE_EQ|INE704H01022,CINELINE INDIA LIMITED
NSE_EQ|INE039B01026,CINEVISTA LIMITED
NSE_EQ|INE059A01026,CIPLA LTD
NSE_EQ|INE227W01023,CLEAN SCIENCE & TECH LTD
NSE_EQ|INE201M01029,CL EDUCATE LIMITED
NSE_EQ|INE419D01026,CHAMAN LAL SETIA EXP LTD
NSE_EQ|INE925R01014,CMS INFO SYSTEMS LIMITED
NSE_EQ|INE522F01014,COAL INDIA LTD
NSE_EQ|INE377E01016,COASTAL CORPORATION LTD
NSE_EQ|INE704P01025,COCHIN SHIPYARD LIMITED
NSE_EQ|INE335K01011,COFFEE DAY ENTERPRISE LTD
NSE_EQ|INE591G01017,COFORGE LIMITED
NSE_EQ|INE259A01022,COLGATE PALMOLIVE LTD.
NSE_EQ|INE070C01037,COMPUAGE INFOCOM LTD
NSE_EQ|INE453B01029,COMPUCOM SOFTWARE LTD
NSE_EQ|INE073V01015,COMMERCIAL SYN BAGS LTD
NSE_EQ|INE111A01025,CONTAINER CORP OF IND LTD
NSE_EQ|INE338H01029,CONCORD BIOTECH LIMITED
NSE_EQ|INE552D01024,CONFIDENCE PETRO IND LTD.
NSE_EQ|INE025A01027,CONSO. FIN. & HOLD. LTD.
NSE_EQ|INE663B01015,CONTROL PRINT LIMITED
NSE_EQ|INE558D01021,CORAL INDIA FIN & HOUS LT
NSE_EQ|INE792I01017,CORDS CABLE INDUS LTD.
NSE_EQ|INE169A01031,COROMANDEL INTERNTL. LTD
NSE_EQ|INE757A01017,COSMO FIRST LIMITED
NSE_EQ|INE695B01025,COUNTRY CONDO S LIMITED
NSE_EQ|INE00LO01017,CRAFTSMAN AUTOMATION LTD
NSE_EQ|INE985W01018,CREATIVE NEWTECH LIMITED
NSE_EQ|INE230B01021,CREATIVE EYE LIMITED
NSE_EQ|INE741K01010,CREDITACCESS GRAMEEN LTD
NSE_EQ|INE559D01011,CREST VENTURES LIMITED
NSE_EQ|INE007A01025,CRISIL LTD
NSE_EQ|INE299U01018,CROMPT GREA CON ELEC LTD
NSE_EQ|INE491V01019,CROWN LIFTERS LIMITED
NSE_EQ|INE679A01013,CSB BANK LIMITED
NSE_EQ|INE718F01018,CSL FINANCE LIMITED
NSE_EQ|INE627H01017,CAMBRIDGE TECH ENTER LTD
NSE_EQ|INE491A01021,CITY UNION BANK LTD
NSE_EQ|INE144D01012,CUBEXTUBINGS-ROLLSETT
NSE_EQ|INE298A01020,CUMMINS INDIA LTD
NSE_EQ|INE509F01011,CUPID LIMITED
NSE_EQ|INE278G01037,CYBER MEDIA (INDIA) LTD.
NSE_EQ|INE214A01019,CYBERTECH SYSTEMS & SOFTW
NSE_EQ|INE136B01020,CYIENT LIMITED
NSE_EQ|INE055S01018,CYIENT DLM LIMITED
NSE_EQ|INE016A01026,DABUR INDIA LTD
NSE_EQ|INE00R701025,DALMIA BHARAT LIMITED
NSE_EQ|INE495A01022,DALMIA BHARAT SUG IN LTD
NSE_EQ|INE497D01022,DAMODAR INDUSTRIES LTD
NSE_EQ|INE688Y01022,DANGEE DUMS LIMITED
NSE_EQ|INE365B01017,DATAMATICS GLOBAL SER LTD
NSE_EQ|INE0IX101010,DATA PATTERNS INDIA LTD
NSE_EQ|INE179G01011,DAVANGERE SUGAR COMPANY L
NSE_EQ|INE950I01011,D.B.CORP LTD
NSE_EQ|INE917M01012,DILIP BUILDCON LIMITED
NSE_EQ|INE0I3401014,DHAMPUR BIO ORGANICS LTD
NSE_EQ|INE879I01012,D B REALTY LIMITED
NSE_EQ|INE921B01025,DB (INT) STOCK BROKERS
NSE_EQ|INE385W01011,DISHMAN CARBO AMCIS LTD
NSE_EQ|INE503A01015,DCB BANK LIMITED
NSE_EQ|INE0A1101019,DC INFOTECH AND COMUN LTD
NSE_EQ|INE498A01018,DCM LTD
NSE_EQ|INE891B01012,DCM FINANCIAL SERVICES LT
NSE_EQ|INE08KP01019,DCM NOUVELLE LIMITED
NSE_EQ|INE499A01024,DCM SHRIRAM LIMITED
NSE_EQ|INE843D01027,DCM SHRIRAM IND LTD
NSE_EQ|INE500A01029,DCW LTD
NSE_EQ|INE0KL801015,DCX SYSTEMS LIMITED
NSE_EQ|INE583C01021,DECCAN CEMENTS LIMITED
NSE_EQ|INE501A01019,DEEPAK FERTILIZERS & PETR
NSE_EQ|INE288B01029,DEEPAK NITRITE LTD
NSE_EQ|INE677H01012,DEEP ENE RESOURCES LTD
NSE_EQ|INE0FHS01024,DEEP INDUSTRIES LIMITED
NSE_EQ|INE148O01028,DELHIVERY LIMITED
NSE_EQ|INE726L01019,DELPHI WORLD MONEY LTD
NSE_EQ|INE124G01033,DELTA CORP LIMITED
NSE_EQ|INE393A01011,DELTA MANUFACTURING LTD
NSE_EQ|INE947J01015,DEN NETWORKS LTD
NSE_EQ|INE244A01016,DE NORA INDIA LIMITED
NSE_EQ|INE060X01026,DEV INFO TECHNOLOGY LTD
NSE_EQ|INE872J01023,DEVYANI INTERNATIONAL LTD
NSE_EQ|INE03JI01017,DIGICONTENT LIMITED
NSE_EQ|INE041A01016,DHAMPUR SUGAR MILLS LTD.
NSE_EQ|INE680A01011,DHANLAXMI BANK LIMITED
NSE_EQ|INE274G01010,DHANI SERVICES LIMITED
NSE_EQ|INE435G01025,DHANUKA AGRITECH LTD
NSE_EQ|INE00OQ01016,DHARMAJ CROP GUARD LTD
NSE_EQ|INE506Z01015,DHRUV CONSULTANCY SER LTD
NSE_EQ|INE320L01011,DHUNSERI INVESTMENTS LTD
NSE_EQ|INE989C01020,DIAMOND POWER INFRA LTD
NSE_EQ|INE591D01014,DIAMINES & CHEMICALS LTD
NSE_EQ|INE393P01035,PRATAAP SNACKS LIMITED
NSE_EQ|INE303A01010,DIC INDIA LIMITED
NSE_EQ|INE0PSC01024,DIGIDRIVE DISTRIBUTORS L
NSE_EQ|INE927C01020,DIGISPICE TECHNOLOGIES LT
NSE_EQ|INE731U01028,DIGJAM LTD
NSE_EQ|INE411Y01011,DEBOCK INDUSTRIES LIMITED
NSE_EQ|INE836F01026,DISH TV INDIA LTD.
NSE_EQ|INE753U01022,DIVGI TORQTRANSFER SYST L
NSE_EQ|INE361B01024,DIVI S LABORATORIES LTD
NSE_EQ|INE935N01020,DIXON TECHNO (INDIA) LTD
NSE_EQ|INE0B1K01014,DJ MEDIAPRINT & LOG LTD
NSE_EQ|INE271C01023,DLF LIMITED
NSE_EQ|INE250K01012,D-LINK INDIA LTD
NSE_EQ|INE192R01011,AVENUE SUPERMARTS LIMITED
NSE_EQ|INE505A01010,DMCC SPECIALITY CHEMICALS
NSE_EQ|INE016M01021,DILIGENT MEDIA CORP LTD.
NSE_EQ|INE021O01019,DODLA DAIRY LIMITED
NSE_EQ|INE966A01022,DOLAT ALGOTECH LIMITED
NSE_EQ|INE325C01035,DOLLAR INDUSTRIES LIMITED
NSE_EQ|INE920A01037,DOLPHIN OFF ENT (IND) L
NSE_EQ|INE321T01012,DOMS INDUSTRIES LIMITED
NSE_EQ|INE668D01028,DONEAR IND. LIMITED
NSE_EQ|INE266Y01019,D. P. ABHUSHAN LIMITED
NSE_EQ|INE360C01024,DPSC LIMITED
NSE_EQ|INE864X01013,D P WIRES LIMITED
NSE_EQ|INE03RS01027,DRC SYSTEMS INDIA LIMITED
NSE_EQ|INE0JS101016,DREAMFOLKS SERVICES LTD
NSE_EQ|INE506A01018,DREDGING CORP OF INDIA
NSE_EQ|INE089A01023,DR. REDDY S LABORATORIES
NSE_EQ|INE417B01040,DYNACONS SYS & SOLN LTD
NSE_EQ|INE341R01014,DHUNSERI TEA & IND. LTD.
NSE_EQ|INE741L01018,DUCON INFRATECHNOLOGIES L
NSE_EQ|INE477B01010,DHUNSERI VENTURES LIMITED
NSE_EQ|INE366A01041,DWARIKESH SUGAR IND LTD
NSE_EQ|INE600Y01019,DYNAMIC CABLES LIMITED
NSE_EQ|INE221B01012,DYNAMATIC TECHNOLOGIES
NSE_EQ|INE256H01015,DYNEMIC PRODUCTS LIMITED
NSE_EQ|INE255Z01019,E2E NETWORKS LIMITED
NSE_EQ|INE07O001026,EASY TRIP PLANNERS LTD
NSE_EQ|INE962C01027,EASTERN SILK INDUSTRIES L
NSE_EQ|INE738I01010,ECLERX SERVICES LTD
NSE_EQ|INE532F01054,EDELWEISS FIN SERV LTD
NSE_EQ|INE216H01027,EDUCOMP SOLUTIONS LTD
NSE_EQ|INF754K01SE6,EDELAMC - EGOLD
NSE_EQ|INE066A01021,EICHER MOTORS LTD
NSE_EQ|INE126A01031,EID PARRY INDIA LTD
NSE_EQ|INE546V01010,EURO (I) FRESH FOODS LTD
NSE_EQ|INE276C01014,EIH ASSOCIATED HOTELS LTD
NSE_EQ|INE230A01023,EIH LIMITED
NSE_EQ|INE158B01016,EIMCO ELECON (INDIA) LTD
NSE_EQ|INE184H01027,EVEREST KANTO CYLINDERLTD
NSE_EQ|INE668G01021,ELDECO HSG & IND LTD.
NSE_EQ|INE205B01023,ELECON ENG. CO. LTD
NSE_EQ|INE086A01029,ELECTROSTEEL CASTINGS LTD
NSE_EQ|INE822G01016,ELECTROTHERM (I) LTD.
NSE_EQ|INE285A01027,ELGI EQUIPMENTS LTD
NSE_EQ|INE819L01012,ELGI RUBBER CO. LTD
NSE_EQ|INE050401020,ELIN ELECTRONICS LIMITED
NSE_EQ|INE548C01032,EMAMI LIMITED
NSE_EQ|INE830C01026,EMAMI PAPER MILLS LIMITED
NSE_EQ|INE778K01012,EMAMI REALTY LIMITED
NSE_EQ|INE02YR01019,ELECTRONICS MART IND LTD
NSE_EQ|INE296H01011,EMKAY GLOBAL FIN SERV LTD
NSE_EQ|INE753K01015,EMMBI INDUSTRIES LIMITED
NSE_EQ|INE0OV601013,EMS LIMITED
NSE_EQ|INE01QM01018,EMUDHRA LIMITED
NSE_EQ|INE913H01037,ENDURANCE TECHNO. LTD.
NSE_EQ|INE306C01019,ENERGY DEVE. CO.LTD
NSE_EQ|INE510A01028,ENGINEERS INDIA LTD
NSE_EQ|INE265F01028,ENTERTAIN NET. IND. LTD.
NSE_EQ|INE010601016,ENTERO HEALTHCARE SOLU L
NSE_EQ|INE0G5901015,EPACK DURABLE LIMITED
NSE_EQ|INE071N01016,EPIGRAL LIMITED
NSE_EQ|INE255A01020,EPL LIMITED
NSE_EQ|INE217G01035,EQUIPPP SOC IMP TECH LTD
NSE_EQ|INE063P01018,EQUITAS SMALL FIN BNK LTD
NSE_EQ|INE406M01024,ERIS LIFESCIENCES LIMITED
NSE_EQ|INE416L01017,EROS INTL MEDIA LTD
NSE_EQ|INE284A01012,ESAB INDIA LTD
NSE_EQ|INE818W01011,ESAF SMALL FINANCE BANK L
NSE_EQ|INE042A01014,ESCORTS KUBOTA LIMITED
NSE_EQ|INE122M01019,ESSAR SHIPPING LTD
NSE_EQ|INE418N01035,INTEGRA ESSENTIA LIMITED
NSE_EQ|INE778B01029,ESTER INDUSTRIES LTD
NSE_EQ|INE04TZ01018,ETHOS LIMITED
NSE_EQ|INE022C01012,EUROTEX INDUSTRIES LTD
NSE_EQ|INE128A01029,EVEREADY INDS. IND.  LTD.
NSE_EQ|INE295A01018,EVEREST INDUSTRIES LTD
NSE_EQ|INE688J01023,EXCEL REALTY N INFRA LTD
NSE_EQ|INE369A01029,EXCEL INDUSTRIES LTD
NSE_EQ|INE302A01020,EXIDE INDUSTRIES LTD
NSE_EQ|INE201K01015,EXPLEO SOLUTIONS LIMITED
NSE_EQ|INE0GFE01018,EXXARO TILES LIMITED
NSE_EQ|INE188A01015,FACT LTD
NSE_EQ|INE0DNW01011,FAIRCHEM ORGANICS LIMITED
NSE_EQ|INE963C01033,FAZE THREE LIMITED
NSE_EQ|INE045J01026,FINEOTEX CHEMICAL LIMITED
NSE_EQ|INE220J01025,FUTURE CONSUMER LIMITED
NSE_EQ|INE512B01022,FCS SOFTWARE SOLN. LTD.
NSE_EQ|INE258B01022,FDC LIMITED
NSE_EQ|INE171A01029,FEDERAL BANK LTD
NSE_EQ|INE007N01010,FEDBANK FINANCIAL SER L
NSE_EQ|IN9623B01058,FUTURE ENTERPRISES LTD
NSE_EQ|INE296C01020,FIBERWEB INDIA LIMITED
NSE_EQ|INE737H01014,FIEM INDUSTRIES LIMITED
NSE_EQ|INE816B01035,FILATEX INDIA LTD
NSE_EQ|INE235A01022,FINOLEX CABLES LTD
NSE_EQ|INE686Y01026,FINE ORGANIC IND. LTD.
NSE_EQ|INE02NC01014,FINO PAYMENTS BANK LTD
NSE_EQ|INE183A01024,FINOLEX INDUSTRIES LTD
NSE_EQ|INE128S01021,FIVE-STAR BUS FIN LTD
NSE_EQ|INE00Y201027,FLAIR WRITING INDUST LTD
NSE_EQ|INE060J01017,FLEXITUFF VENTURES INT L
NSE_EQ|INE452O01016,FUT LIFESTYLE FASH LTD
NSE_EQ|INE09N301011,GUJARAT FLUOROCHEM LTD
NSE_EQ|INE529A01010,FEDERAL-MOGUL GOETZE (IND
NSE_EQ|INE360L01017,FUTURE MKT NETWORKS LTD
NSE_EQ|INE593W01028,FOCUS LIGHTG & FIXTRS LTD
NSE_EQ|INE976E01023,FOODS & INNS LIMITED
NSE_EQ|INE451A01017,FORCE MOTORS LIMITED
NSE_EQ|INE061F01013,FORTIS HEALTHCARE LTD
NSE_EQ|INE519A01011,FOSECO INDIA LTD
NSE_EQ|INE935Q01015,FUTURE SUPP CHAIN SOL LTD
NSE_EQ|INE684F01012,FIRSTSOURCE SOLU. LTD.
NSE_EQ|INE139R01012,FUSION MICRO FINANCE LTD
NSE_EQ|INE524A01029,GABRIEL INDIA LTD
NSE_EQ|INE036B01030,GUJARAT AMBUJA EXPORTS LT
NSE_EQ|INE129A01019,GAIL (INDIA) LTD
NSE_EQ|INE600K01018,GALAXY SURFACTANTS LTD
NSE_EQ|INE297H01019,GALLANTT ISPAT LIMITED
NSE_EQ|INE717W01049,GANDHAR OIL REFINE IND L
NSE_EQ|INE524B01027,GANDHI SPL. TUBES LTD
NSE_EQ|INE845D01014,GANESHA ECOSPHERE LIMITED
NSE_EQ|INE388A01029,GANESH BENZOPLAST LIMITED
NSE_EQ|INE460C01014,GANESH HOUSING CORP LTD
NSE_EQ|INE691Z01023,GANGA FORGING LIMITED
NSE_EQ|INE335W01016,GANGES SECURITIES LIMITED
NSE_EQ|INE276A01018,GARWARE TECH FIBRES LTD
NSE_EQ|INE224E01028,GACM TECHNOLOGIES LIMITED
NSE_EQ|INE224E01036,GACM TECHNOLOGIES LIMITED
NSE_EQ|INE079J01017,GATEWAY DISTRIPARKS LTD
NSE_EQ|INE336H01023,GAYATRI PROJECTS LTD
NSE_EQ|INE916G01016,GEECEE VENTURES LIMITED
NSE_EQ|INE669X01024,GEEKAY WIRES LIMITED
NSE_EQ|INE854S01022,GENERIC ENG CONS PROJ LTD
NSE_EQ|INE727B01026,GENESYS INTL CORPN LTD
NSE_EQ|INE06H201014,GENSOL ENGINEERING LTD
NSE_EQ|INE949P01018,GENUS P&B LIMITED
NSE_EQ|INE955D01029,GENUS POWER INFRASTRU LTD
NSE_EQ|INE007B01023,GEOJIT FINANCIAL SER L
NSE_EQ|INE878A01011,GE POWER INDIA LIMITED
NSE_EQ|INE017A01032,THE GE SHPG.LTD
NSE_EQ|INE200A01026,GE T&D INDIA LIMITED
NSE_EQ|INE538A01037,GFL LIMITED
NSE_EQ|INE539A01019,GHCL LIMITED
NSE_EQ|INE0PA801013,GHCL TEXTILES LIMITED
NSE_EQ|INE289B01019,GIC HOUSING FINANCE LTD
NSE_EQ|INE481Y01014,GENERAL INS CORP OF INDIA
NSE_EQ|INE047B01011,GILLANDERS ARBUTHNOT LTD
NSE_EQ|INE322A01010,GILLETTE INDIA LTD
NSE_EQ|INE424C01010,GINNI FILAMENTS LTD
NSE_EQ|INE162A01010,GUJ IND POW CO. LTD
NSE_EQ|INE528A01020,GKW LIMITED
NSE_EQ|INE068V01023,GLAND PHARMA LIMITED
NSE_EQ|INE159A01016,GLAXOSMITHKLINE PHARMA LT
NSE_EQ|INE935A01035,GLENMARK PHARMACEUTICALS
NSE_EQ|INE540A01017,GUJARAT LEASE FINANCING L
NSE_EQ|INE291W01029,GLOBAL EDUCATION LIMITED
NSE_EQ|INE792H01019,GLOBAL VEC HELICORP LTD
NSE_EQ|INE581X01021,GLOBE TEXTILES (I) LTD.
NSE_EQ|INE615I01010,GLOBUS SPIRITS LTD
NSE_EQ|INE03Q201024,GLENMARK LIFE SCIENCE LTD
NSE_EQ|INE075D01018,G M BREWERIES LTD
NSE_EQ|INE131A01031,GUJARAT MINERAL DEV CORP
NSE_EQ|INE541A01023,GMM PFAUDLER LIMITED
NSE_EQ|INE776C01039,GMR AIRPORTS INFRA LTD
NSE_EQ|INE0CU601026,GMR POW AND URBAN INFRA L
NSE_EQ|INE934S01014,GNA AXLES LIMITED
NSE_EQ|INE113A01013,GUJ NAR VAL FER & CHEM L
NSE_EQ|INE426D01013,GOA CARBON LIMITED
NSE_EQ|INE077F01035,GOCL CORPORATION LIMITED
NSE_EQ|INE0BJS01011,GO FASHION INDIA LTD
NSE_EQ|INE260B01028,GODFREY PHILLIPS INDIA LT
NSE_EQ|INE925Y01036,GODHA CABCON INSULAT LTD
NSE_EQ|INE850D01014,GODREJ AGROVET LIMITED
NSE_EQ|INE102D01028,GODREJ CONSUMER PRODUCTS
NSE_EQ|INE233A01035,GODREJ INDUSTRIES LTD
NSE_EQ|INE484J01027,GODREJ PROPERTIES LTD
NSE_EQ|INE887G01027,GOKALDAS EXPORTS LTD.
NSE_EQ|INE020J01029,GOKUL REFOILS & SOLV LTD
NSE_EQ|INE314T01025,GOKUL AGRO RESOURCES LTD
NSE_EQ|INE973A01010,GOLDEN TOBACCO LIMITED
NSE_EQ|INE025B01025,GOLDIAM INTERNATIONAL LTD
NSE_EQ|INF789F1AUX7,UTI GOLD ETF
NSE_EQ|INE805A01014,AION-TECH SOLUTIONS LTD
NSE_EQ|INE127I01024,GOODLUCK INDIA LIMITED
NSE_EQ|INE705X01026,GOYAL ALUMINIUMS LIMITED
NSE_EQ|INE177H01021,GODAWARI POW & ISP LTD
NSE_EQ|INE517F01014,GUJARAT PIPAVAV PORT LTD
NSE_EQ|INE390G01014,GPT INFRAPROJECTS LTD
NSE_EQ|INE101D01020,GRANULES INDIA LIMITED
NSE_EQ|INE371A01025,GRAPHITE INDIA LTD
NSE_EQ|INE047A01021,GRASIM INDUSTRIES LTD
NSE_EQ|IN9047A01011,GRASIM RE.0.50 PPD UP
NSE_EQ|INE024L01027,GRAVITA INDIA LIMITED
NSE_EQ|INE224A01026,GREAVES COTTON LTD.
NSE_EQ|INE544R01021,GREENLAM INDUSTRIES LTD.
NSE_EQ|INE08ZM01014,GREENPANEL INDUSTRIES LTD
NSE_EQ|INE461C01038,GREENPLY INDUSTRIES LTD
NSE_EQ|INE999K01014,ORIENT GREEN POWER CO LTD
NSE_EQ|INE536A01023,GRINDWELL NORTON LIMITED
NSE_EQ|INE201P01022,G R INFRAPROJECTS LIMITED
NSE_EQ|INE192H01020,GRM OVERSEAS LIMITED
NSE_EQ|INE646C01018,THE GROB TEA COMPANY LTD
NSE_EQ|INE137I01015,GRP LIMITED
NSE_EQ|INE382Z01011,GARDEN REACH SHIP&ENG LTD
NSE_EQ|INE291A01017,GARWARE HI-TECH FILMS LTD
NSE_EQ|INE026A01025,GUJ STATE FERT & CHEM LTD
NSE_EQ|INE0JSX01015,GLOBAL SURFACES LIMITED
NSE_EQ|INE246F01010,GUJARAT STATE PETRO LTD
NSE_EQ|INE871H01011,GSS INFOTECH LIMITED
NSE_EQ|INE586X01012,G-TEC JAINX EDUCATION LTD
NSE_EQ|INE043A01012,GTL LTD
NSE_EQ|INE221H01019,GTL INFRA.LTD
NSE_EQ|INE869I01013,GTPL HATHWAY LIMITED
NSE_EQ|INE742B01025,GUFIC BIOSCIENCES LTD.
NSE_EQ|INE186A01019,GUJARAT ALKALIES & CHEM
NSE_EQ|INE826C01016,GUJ. APOLLO IND. LTD.
NSE_EQ|INE844O01030,GUJARAT GAS LIMITED
NSE_EQ|INE610B01024,GUJARAT RAFFIA INDUST LTD
NSE_EQ|INE635Q01029,GULF OIL LUB. IND. LTD.
NSE_EQ|INE586G01017,GP PETROLEUMS LIMITED
NSE_EQ|INE255D01024,GULSHAN POLYOLS LIMITED
NSE_EQ|INE251H01024,GVK POW. & INFRA LTD.
NSE_EQ|INE382T01030,GVP INFOTECH LIMITED
NSE_EQ|INE066F01020,HINDUSTAN AERONAUTICS LTD
NSE_EQ|INE419U01012,HAPPIEST MINDS TECHNO LTD
NSE_EQ|INE330T01021,HAPPY FORGINGS LIMITED
NSE_EQ|INE626Z01029,HARDWYN INDIA LIMITED
NSE_EQ|INE00EV01017,HARIOM PIPE INDUSTRIES L
NSE_EQ|INE544A01019,HARRISON MALAYALAM LTD
NSE_EQ|INE0JUS01029,HARSHA ENGINEERS INT LTD
NSE_EQ|INE982F01036,HATHWAY CABLE & DATACOM
NSE_EQ|INE473B01035,HATSUN AGRO PRODUCT LTD.
NSE_EQ|INE176B01034,HAVELLS INDIA LIMITED
NSE_EQ|INE293B01029,SRI HAVISHA HOSP & INFR L
NSE_EQ|INE292B01021,HBL POWER SYSTEMS LTD.
NSE_EQ|INE550B01022,HB STOCKHOLDINGS LIMITED
NSE_EQ|INE549A01026,HINDUSTAN CONSTRUCTION CO
NSE_EQ|INE075I01017,HEALTHCARE GLOB. ENT. LTD
NSE_EQ|INE236A01020,HCL INFOSYSTEMS-DEPO SETT
NSE_EQ|INE860A01027,HCL TECHNOLOGIES LTD
NSE_EQ|INE127D01025,HDFC AMC LIMITED
NSE_EQ|INE040A01034,HDFC BANK LTD
NSE_EQ|INE795G01014,HDFC LIFE INS CO LTD
NSE_EQ|INE759V01019,HEADS UP VENTURES LIMITED
NSE_EQ|INE558R01013,HEC INFRA PROJECTS LTD
NSE_EQ|INE545A01016,HEG LTD
NSE_EQ|INE578A01017,HEIDELBERGCEMENT (I) LTD
NSE_EQ|INE0AJG01018,HEMISPHERE PROP IND LTD
NSE_EQ|INE694N01015,HERANBA INDUSTRIES LTD
NSE_EQ|INE688E01024,HERCULES HOI. LTD.
NSE_EQ|INE978A01027,HERITAGE FOODS LTD
NSE_EQ|INE158A01026,HERO MOTOCORP LIMITED
NSE_EQ|INE782E01017,HESTER BIOSCIENCES LTD
NSE_EQ|INE492A01029,HEUBACH COLORANTS IND LTD
NSE_EQ|INE750M01017,HEXA TRADEX LIMITED
NSE_EQ|INE548A01028,HFCL LIMITED
NSE_EQ|INE926X01010,H.G.INFRA ENGINEERING LTD
NSE_EQ|INE170I01016,HINDUJA GLOBAL SOLS. LTD.
NSE_EQ|INE475B01022,HIKAL LIMITED
NSE_EQ|INE557A01011,HIL LIMITED
NSE_EQ|INE788H01017,HILTON METAL FORGING LTD
NSE_EQ|INE049A01027,HIMATSINGKA SEIDE LTD
NSE_EQ|INE038A01020,HINDALCO  INDUSTRIES  LTD
NSE_EQ|INE310C01029,HINDUSTAN COMPOSITES LTD.
NSE_EQ|INE642Y01029,HINDCON CHEMICALS LIMITED
NSE_EQ|INE531E01026,HINDUSTAN COPPER LTD
NSE_EQ|INE253A01025,HINDUSTAN MOTORS LIMITED
NSE_EQ|INE345A01011,HINDUSTAN OIL EXPLORATION
NSE_EQ|INE094A01015,HINDUSTAN PETROLEUM CORP
NSE_EQ|INE030A01027,HINDUSTAN UNILEVER LTD.
NSE_EQ|INE05AN01011,HINDWARE HME INOVATON LTD
NSE_EQ|INE267A01025,HINDUSTAN ZINC LIMITED
NSE_EQ|INE835D01023,HIND RECTIFIER LIMITED
NSE_EQ|INE598C01011,HISAR METAL IND. LIMITED
NSE_EQ|INE106T01025,HI-TECH PIPES LIMITED
NSE_EQ|INE120D01012,HITECH CORPORATION LTD
NSE_EQ|INE127B01011,THE HI-TECH GEARS LIMITED
NSE_EQ|INE461D01028,HLE GLASCOAT LIMITED
NSE_EQ|INE102A01024,HLV LIMITED
NSE_EQ|INE0ECP01024,HMA AGRO INDUSTRIES LTD
NSE_EQ|INE262A01018,HMT LTD -
NSE_EQ|INE871K01015,HINDUSTAN MEDIA VENT LTD
NSE_EQ|INE254N01026,HINDUSTAN FOODS LIMITED
NSE_EQ|INE481N01025,HOME FIRST FIN CO IND LTD
NSE_EQ|INE0J5401028,HONASA CONSUMER LIMITED
NSE_EQ|INE671A01010,HONEYWELL AUTOMATION IND
NSE_EQ|INE634A01018,HONDA I POWER PRODUCT LTD
NSE_EQ|INE596H01014,HOV SERVICES LTD
NSE_EQ|INE0GSL01024,HP ADHESIVES LIMITED
NSE_EQ|INE05X901010,HINDPRAKASH INDUSTRY LTD
NSE_EQ|INE495S01016,HPL ELECTRIC & POWER LTD
NSE_EQ|INE019C01026,HIMADRI SPECIALITY CHEM L
NSE_EQ|INE501G01024,HT MEDIA LIMITED
NSE_EQ|INE703H01016,HUBTOWN LIMITED
NSE_EQ|INE031A01017,HSG & URBAN DEV CORPN LTD
NSE_EQ|INE275B01026,HUHTAMAKI INDIA LIMITED
NSE_EQ|INE965B01022,HYBRID FINANCIAL SERVICE
NSE_EQ|INE069I01010,INDIABULLS REAL EST. LTD
NSE_EQ|INE148I01020,INDIABULLS HSG FIN LTD
NSE_EQ|INE613B01010,ICDSLTD
NSE_EQ|INE520Y01019,ICE MAKE REFRIGERAT LTD
NSE_EQ|INE090A01021,ICICI BANK LTD.
NSE_EQ|INE765G01017,ICICI LOMBARD GIC LIMITED
NSE_EQ|INE726G01019,ICICI PRU LIFE INS CO LTD
NSE_EQ|INE483B01026,INDO COUNT INDUSTRIES LTD
NSE_EQ|INE725G01011,ICRA LIMITED
NSE_EQ|INE008A01015,IDBI BANK LIMITED
NSE_EQ|INE669E01016,VODAFONE IDEA LIMITED
NSE_EQ|INE349Y01013,IDEAFORGE TECHNO LTD
NSE_EQ|INE043D01016,IDFC LIMITED
NSE_EQ|INE092T01019,IDFC FIRST BANK LIMITED
NSE_EQ|INE059901020,INDIABULLS ENT LTD
NSE_EQ|INE022Q01020,INDIAN ENERGY EXC LTD
NSE_EQ|INE076C01018,IFB AGRO INDUSTRIES LTD
NSE_EQ|INE559A01017,IFB INDUSTRIES LTD
NSE_EQ|INE039A01010,IFCI LTD
NSE_EQ|INE133Y01011,IFGL REFRACTORIES LIMITED
NSE_EQ|INE188B01013,IGARASHI MOTORS INDIA LTD
NSE_EQ|INE203G01027,INDRAPRASTHA GAS LTD
NSE_EQ|INE204A01010,I G PETROCHEMICALS LTD
NSE_EQ|INE530B01024,IIFL FINANCE LIMITED
NSE_EQ|INE489L01022,IIFL SECURITIES LIMITED
NSE_EQ|INE886A01014,INDUSTRIAL INV TRUST LTD
NSE_EQ|INE0LOJ01019,IKIO LIGHTING LIMITED
NSE_EQ|INE369I01014,IL&FS ENG AND CONS CO LTD
NSE_EQ|INE975G01012,IL&FS TRANS NET LTD
NSE_EQ|INE172N01012,IMAGICAAWORLD ENT LTD
NSE_EQ|INE919H01018,INDIAN METALS & FERRO
NSE_EQ|INE547E01014,IND MOTOR PART & ACC LTD
NSE_EQ|INE691G01015,IMPEX FERRO TECH LIMITED
NSE_EQ|INE452L01012,INCREDIBLE INDUSTRIES LTD
NSE_EQ|INE841B01017,INDBANK MERCH BANK
NSE_EQ|INE053A01029,THE INDIAN HOTELS CO. LTD
NSE_EQ|INE383A01012,THE INDIA CEMENTS LIMITED
NSE_EQ|INE560A01015,INDIA GLYCOLS LTD
NSE_EQ|INE933S01016,INDIAMART INTERMESH LTD
NSE_EQ|INE562A01011,INDIAN BANK
NSE_EQ|INE061A01014,INDIAN CARD CLOTHING CO.
NSE_EQ|INE323C01030,INDIAN HUME PIPE CO. LTD.
NSE_EQ|INE922K01024,INDIA SHELTER FIN CORP L
NSE_EQ|INE646L01027,INTERGLOBE AVIATION LTD
NSE_EQ|INE09VQ01012,INDIGO PAINTS LIMITED
NSE_EQ|INE092B01025,INDIA NIPPON ELECT  LTD
NSE_EQ|INE760F01028,INDO AMINES LIMITED
NSE_EQ|INE803D01021,INDO BORAX & CHEMICAL LTD
NSE_EQ|INE873D01024,INDOCO REMEDIES LTD.
NSE_EQ|INE156A01020,INDO RAMA SYNTHETICS LTD
NSE_EQ|INE896L01010,INDOSTAR CAPITAL FIN LTD
NSE_EQ|INE332H01014,INDO TECH TRANSFORM LTD.
NSE_EQ|INE337M01013,INDO THAI SEC LTD
NSE_EQ|INE227G01018,INDOWIND ENERGY LTD
NSE_EQ|INE681B01017,INDRAPRASTHA MED-ROLLSETT
NSE_EQ|INE915B01019,IND SWIFT LABORATORIES LT
NSE_EQ|INE788B01028,IND-SWIFT LIMITED
NSE_EQ|INE611L01021,IND TERRAIN FASHIONS LTD
NSE_EQ|INE095A01012,INDUSIND BANK LIMITED
NSE_EQ|INE121J01017,INDUS TOWERS LIMITED
NSE_EQ|INE483S01020,INFIBEAM AVENUES LIMITED
NSE_EQ|INE344S01016,INFOBEANS TECHNO. LTD.
NSE_EQ|INE669A01022,INFOMEDIA PRESS LIMITED
NSE_EQ|INE009A01021,INFOSYS LIMITED
NSE_EQ|INE177A01018,INGERSOLL-RAND INDIA LTD
NSE_EQ|INE0DUT01020,INNOVA CAPTAB LIMITED
NSE_EQ|INE510W01014,INOX GREEN ENERGY SER LTD
NSE_EQ|INE616N01034,INOX INDIA LIMITED
NSE_EQ|INE066P01011,INOX WIND LIMITED
NSE_EQ|INE070I01018,INSECTICIDES (I) LTD
NSE_EQ|INE306R01017,INTELLECT DESIGN ARENA
NSE_EQ|INE781A01025,INTENSE TECHNOLOGIES LTD
NSE_EQ|INE575C01027,INTL CONVEYORS LIMITED
NSE_EQ|INE878H01024,INVENTURE GRO & SEC LTD
NSE_EQ|INE565A01014,INDIAN OVERSEAS BANK
NSE_EQ|INE242A01010,INDIAN OIL CORP LTD
NSE_EQ|INE485C01011,IOL CHEM AND PHARMA LTD
NSE_EQ|INE570A01022,ION EXCHANGE (INDIA) LTD
NSE_EQ|INE571A01038,IPCA LABORATORIES LTD
NSE_EQ|INE0D6701023,INDIA PESTICIDES LIMITED
NSE_EQ|INE821I01022,IRB INFRA DEV LTD.
NSE_EQ|INE962Y01021,IRCON INTERNATIONAL LTD
NSE_EQ|INE335Y01020,INDIAN RAIL TOUR CORP LTD
NSE_EQ|INE202E01016,INDIAN RENEWABLE ENERGY
NSE_EQ|INE053F01010,INDIAN RAILWAY FIN CORP L
NSE_EQ|INE864K01010,IRIS BUSINESS SERV LTD
NSE_EQ|INE01GN01025,IRIS CLOTHINGS LIMITED
NSE_EQ|INE07U701015,IRM ENERGY LIMITED
NSE_EQ|INE763G01038,ICICI SECURITIES LIMITED
NSE_EQ|INE566K01011,INTRASOFT TECH. LTD
NSE_EQ|INE858B01029,ISGEC HEAVY ENG LTD
NSE_EQ|INE732F01019,ISMT LIMITED
NSE_EQ|INE154A01025,ITC LTD
NSE_EQ|INE353K01014,INDIA TOUR. DEV. CO. LTD.
NSE_EQ|INE686A01026,ITD CEMENTATION INDIA LTD
NSE_EQ|INE248A01017,ITI LTD
NSE_EQ|INE050B01023,IL&FS INVESTMENT MANAGERS
NSE_EQ|INE043C01018,IVP LIMITED
NSE_EQ|INF205K01361,INVESCO INDIA GOLD ETF
NSE_EQ|INE0FLR01028,INOX WIND ENERGY LIMITED
NSE_EQ|INE848A01014,IZMO LIMITED
NSE_EQ|INE168A01041,J & K BANK LTD.
NSE_EQ|INE199G01027,JAGRAN PRAKASHAN LIMITED
NSE_EQ|INE048B01027,JAGSONPAL PHARMACEUTICALS
NSE_EQ|INE091G01018,JAI BALAJI INDUSTRIES LTD
NSE_EQ|INE070D01027,JAI CORP LIMITED
NSE_EQ|INE696V01013,NANDANI CREATION LIMITED
NSE_EQ|INE039C01032,JAMNA AUTO IND LTD
NSE_EQ|INE039O01011,JASH ENGINEERING LIMITED
NSE_EQ|INE785A01026,JAYANT AGRO ORGANICS LTD
NSE_EQ|INE571B01036,JAY BHARAT MARUTI LTD
NSE_EQ|INE854B01010,JAYASWAL NECO INDUSTR LTD
NSE_EQ|INE364A01020,JAYSHREE TEA & INDUSTRIES
NSE_EQ|INE572A01036,J B CHEMICALS AND PHARMA
NSE_EQ|INE927D01044,JBM AUTO LIMITED
NSE_EQ|INE782A01015,JOHNSON CONTROLS HITACHI
NSE_EQ|INE802G01018,JET AIRWAYS (INDIA) LTD.
NSE_EQ|INE982V01025,JET FREIGHT LOGISTICS LTD
NSE_EQ|INE544H01014,JHS SVEND. LAB. LTD
NSE_EQ|INE796G01012,JINDAL PHOTO LIMITED
NSE_EQ|INE197D01010,JINDAL POLY FILMS LIMITED
NSE_EQ|INE324A01024,JINDAL SAW LIMITED
NSE_EQ|INE749A01030,JINDAL STEEL & POWER LTD
NSE_EQ|INE742C01031,JINDAL DRILLING IND. LTD
NSE_EQ|INE247D01039,JINDAL WORLDWIDE LTD
NSE_EQ|INE758E01017,JIO FIN SERVICES LTD
NSE_EQ|IN9175A01010,JAIN DVR EQUITY SHARES
NSE_EQ|INE175A01038,JAIN IRRIGATION SYSTEMS
NSE_EQ|INE863T01013,JITF INFRALOGISTICS LTD
NSE_EQ|INE823G01014,JK CEMENT LIMITED
NSE_EQ|INE576I01022,JKUMAR INFR.LTD.
NSE_EQ|INE786A01032,JK LAKSHMI CEMENT LTD
NSE_EQ|INE789E01012,JK PAPER LIMITED
NSE_EQ|INE573A01042,JK TYRE & INDUSTRIES LTD
NSE_EQ|INE682M01012,JUPITER LIFE LINE HOSP L
NSE_EQ|INE412C01023,JULLUNDUR MOT AGENCY LTD
NSE_EQ|INE780C01023,JM FINANCIAL LIMITED
NSE_EQ|INE839G01010,JOCIL LIMITED
NSE_EQ|INE455F01025,JAIPRAKASH ASSOCIATES LTD
NSE_EQ|INE147P01019,JIND POL INV & FIN CO LTD
NSE_EQ|INE351F01018,JAIPRAKASH POWER VEN. LTD
NSE_EQ|INE953L01027,JANA SMALL FIN BANK LTD
NSE_EQ|INE220G01021,JINDAL STAINLESS LIMITED
NSE_EQ|INE121E01018,JSW ENERGY LIMITED
NSE_EQ|INE824G01012,JSW HOLDINGS LIMITED
NSE_EQ|INE880J01026,JSW INFRASTRUCTURE LTD
NSE_EQ|INE019A01038,JSW STEEL LIMITED
NSE_EQ|INE643A01035,JTEKT INDIA LIMITED
NSE_EQ|INE391J01024,JTL INDUSTRIES LIMITED
NSE_EQ|INE797F01020,JUBILANT FOODWORKS LTD
NSE_EQ|INE645L01011,JUBILANT INDUSTRIES LTD
NSE_EQ|INE0BY001018,JUBILANT INGREVIA LIMITED
NSE_EQ|INE700A01033,JUBILANT PHARMOVA LTD
NSE_EQ|INE599M01018,JUSTDIAL LTD.
NSE_EQ|INE209L01016,JUPITER WAGONS LIMITED
NSE_EQ|INE668F01031,JYOTHY LABS LIMITED
NSE_EQ|INE980O01024,JYOTI CNC AUTOMATION LTD
NSE_EQ|INE197A01024,JYOTI STRUCTURES
NSE_EQ|INE900B01029,KABRA EXTRUSION TECHNIK L
NSE_EQ|INE217B01036,KAJARIA CERAMICS LTD
NSE_EQ|INE437B01014,KAKATIYA CEM SUGAR &IND L
NSE_EQ|INE438K01021,SAI SILKS (KALAMANDIR) L
NSE_EQ|INE314G01014,KALYANI FORGE LIMITED
NSE_EQ|INE303R01014,KALYAN JEWELLERS IND LTD
NSE_EQ|INE967C01018,KAMAT HOTELS (I) LTD
NSE_EQ|INE390H01012,KAMDHENU LIMITED
NSE_EQ|INE0BTI01029,KAMDHENU VENTURES LIMITED
NSE_EQ|INE879E01037,KANANI INDUSTRIES LTD
NSE_EQ|INE138C01024,KANORIA CHEMICALS & INDUS
NSE_EQ|INE694E01014,KANPUR PLASTIPACK LIMITED
NSE_EQ|INE531A01024,KANSAI NEROLAC PAINTS LTD
NSE_EQ|INE542Z01010,KAPSTON SERVICES LIMITED
NSE_EQ|INE725L01011,KARMA ENERGY LIMITED
NSE_EQ|INE036D01028,KARUR VYSYA BANK LTD
NSE_EQ|INE234I01028,KAUSHALYA INFRA DEV LTD.
NSE_EQ|INE641C01019,KAVVERI TEL. LTD.
NSE_EQ|INE587G01015,KAYA LIMITED
NSE_EQ|INE918Z01012,KAYNES TECHNOLOGY IND LTD
NSE_EQ|INE278R01034,KBC GLOBAL LIMITED
NSE_EQ|INE805C01028,KCP LTD
NSE_EQ|INE790B01024,KCP SUGAR IND CORP LTD.
NSE_EQ|INE291D01011,KDDL LIMITED
NSE_EQ|INE389H01022,KEC INTL. LIMITED
NSE_EQ|INE134B01017,KIRLOSKAR ELECTRIC CO LTD
NSE_EQ|INE055C01020,DSJ KEEP LEARNING LTD
NSE_EQ|INE878B01027,KEI INDUSTRIES LTD.
NSE_EQ|INE164B01022,KELLTON TECH SOL LTD
NSE_EQ|INE202H01019,KERNEX MICROSYS(I) LTD
NSE_EQ|INE087A01019,KESORAM INDUSTRIES LTD
NSE_EQ|INE681C01015,KEYNOTE FIN SERV LTD.
NSE_EQ|INE138Y01010,KFIN TECHNOLOGIES LIMITED
NSE_EQ|INE834I01025,KHADIM INDIA LIMITED
NSE_EQ|INE745B01028,KHAITAN CHEM & FERT LTD
NSE_EQ|INE731C01018,KHAITAN (INDIA)LTD.
NSE_EQ|INE060B01014,KHANDWALA SECURITIES LTD
NSE_EQ|INE029L01018,KALYANI INVEST CO LTD
NSE_EQ|INE729D01010,KILITCH DRUGS INDIA LTD
NSE_EQ|INE967H01017,KRISHNA INST OF MED SCI L
NSE_EQ|INE473D01015,KINGFA SCI & TEC IND LTD.
NSE_EQ|INE880L01014,KIOCL LIMITED
NSE_EQ|INE415I01015,KIRI INDUSTRIES LIMITED
NSE_EQ|INE732A01036,KIRLOSKAR BROTHERS LTD
NSE_EQ|INE146L01010,KIRLOSKAR OIL ENG LTD
NSE_EQ|INE250A01039,KIRLOSKAR INDUSTRIES LTD
NSE_EQ|INE811A01020,KIRLOSKAR PNEUMATIC COM L
NSE_EQ|INE602G01020,KITEX GARMENTS LTD
NSE_EQ|INE401H01017,KEWAL KIRAN CLOTHING LTD
NSE_EQ|INE157H01023,K M SUGAR MILLS LTD
NSE_EQ|INE634I01029,KNR CONSTRU LTD.
NSE_EQ|INE080B01012,KOHINOOR FOODS LIMITED
NSE_EQ|INE760A01029,KOKUYO CAMLIN LIMITED
NSE_EQ|INE094I01018,KOLTE PATIL DEV. LTD.
NSE_EQ|INE082A01010,KOPRAN LTD
NSE_EQ|INE237A01028,KOTAK MAHINDRA BANK LTD
NSE_EQ|INE419A01022,KOTHARI SUG & CHEM LTD.
NSE_EQ|INE720A01015,KOTHARI PETROCHEM LTD
NSE_EQ|INE823A01017,KOTHARI PRODUCTS LTD
NSE_EQ|INE542W01017,KPI GREEN ENERGY LIMITED
NSE_EQ|INE220B01022,KALPATARU PROJECT INT LTD
NSE_EQ|INE04I401011,KPIT TECHNOLOGIES LIMITED
NSE_EQ|INE930H01031,KPR MILL LTD.
NSE_EQ|INE001B01026,KRBL LIMITED
NSE_EQ|INE268B01013,KREBS BIOCHEMICALS & IND
NSE_EQ|INE524L01026,KRIDHAN INFRA LIMITED
NSE_EQ|INE506W01012,KRISHANA PHOSCHEM LIMITED
NSE_EQ|INE479D01038,KRITI INDUSTRIES IND LTD
NSE_EQ|INE00Z501029,KRITIKA WIRES LIMITED
NSE_EQ|INE798K01010,KRITI NUTRIENTS LIMITED
NSE_EQ|INE08LI01020,KRSNAA DIAGNOSTICS LTD
NSE_EQ|INE999A01015,KSB LIMITED
NSE_EQ|INE455I01029,KAVERI SEED CO. LTD.
NSE_EQ|INE013801027,KSHITIJ POLYLINE LIMITED
NSE_EQ|INE907A01026,KALYANI STEELS LIMITED
NSE_EQ|INE0D6I01015,KSOLVES INDIA LIMITED
NSE_EQ|INE614B01018,KARNATAKA BANK LIMITED
NSE_EQ|INE529I01021,KUANTUM PAPERS LIMITED
NSE_EQ|INE498L01015,L&T FINANCE HOLDINGS LTD
NSE_EQ|INE548Z01017,LAGNAM SPINTEX LIMITED
NSE_EQ|INE740X01015,LORENZINI APPARELS LTD
NSE_EQ|INE600L01024,DR. LAL PATH LABS LTD.
NSE_EQ|INE112F01022,LAMBODHARA TEXTILES LTD.
NSE_EQ|INE559R01029,LANDMARK CARS LIMITED
NSE_EQ|INE059D01020,LA OPALA RG LIMITED
NSE_EQ|INE670X01014,LASA SUPERGENERICS LTD
NSE_EQ|INE0I7C01011,LATENT VIEW ANALYTICS LTD
NSE_EQ|INE262Z01023,LATTEYS INDUSTRIES LTD
NSE_EQ|INE947Q01028,LAURUS LABS LIMITED
NSE_EQ|INE801V01019,LAXMI COTSPIN LIMITED
NSE_EQ|INE269B01029,LAKSHMI MACHINES LTD
NSE_EQ|INE938A01021,LCC INFOTECH LTD
NSE_EQ|INE970X01018,LEMON TREE HOTELS LTD
NSE_EQ|INE500X01013,LEXUS GRANITO (INDIA) LTD
NSE_EQ|INE850E01012,LAKSHMI FIN IND CORP LTD
NSE_EQ|INE337A01034,LG BALAKRISHNAN & BROS
NSE_EQ|INE201J01017,LGB FORGE LIMITED
NSE_EQ|INE258Y01016,LAXMI GOLDORNA HOUSE LTD
NSE_EQ|INE908V01012,LIBAS CONSU PRODUCTS LTD
NSE_EQ|INE557B01019,LIBERTYSHOESLTD
NSE_EQ|INE115A01026,LIC HOUSING FINANCE LTD
NSE_EQ|INE0J1Y01017,LIFE INSURA CORP OF INDIA
NSE_EQ|INF397L01554,LIC MF - LIC GOLD ETF
NSE_EQ|INE060901027,LIKHITHA INFRASTRUC LTD
NSE_EQ|INE802B01019,LINC LIMITED
NSE_EQ|INE405C01035,LINCOLN PHARMA LTD
NSE_EQ|INE473A01011,LINDE INDIA LIMITED
NSE_EQ|INE093R01011,LLOYDS ENGG WORK LIMITED
NSE_EQ|INE281B01032,LLOYDS METALS N ENERGY L
NSE_EQ|INE670K01029,MACROTECH DEVELOPERS LTD
NSE_EQ|INE397H01017,LOKESH MACHINES LTD
NSE_EQ|INE846D01012,LORDS CHLORO ALKALI LTD
NSE_EQ|INE947I01017,LOTUS EYE HOSP & INST L
NSE_EQ|INE597L01014,LOVABLE LINGERIE LTD
NSE_EQ|INE970D01010,LOYAL TEXTILE MILLS LTD
NSE_EQ|INE197J01017,LANDMARK PR.DEV.CO.LTD
NSE_EQ|INE018A01030,LARSEN & TOUBRO LTD.
NSE_EQ|INE818H01020,LT FOODS LIMITED
NSE_EQ|INE214T01019,LTIMINDTREE LIMITED
NSE_EQ|INE010V01017,L&T TECHNOLOGY SER. LTD.
NSE_EQ|INE162B01018,LUMAX INDUSTRIES LTD
NSE_EQ|INE872H01027,LUMAX AUTO TECH LTD
NSE_EQ|INE326A01037,LUPIN LIMITED
NSE_EQ|INE150G01020,LUX INDUSTRIES LIMITED
NSE_EQ|INE576O01020,LAXMI ORGANIC INDUS LTD
NSE_EQ|INE933A01014,LYKA LABS LTD
NSE_EQ|INE142K01011,LYPSA GEMS & JEWEL LTD
NSE_EQ|INE101A01026,MAHINDRA & MAHINDRA LTD
NSE_EQ|INE774D01024,M&M FIN. SERVICES LTD
NSE_EQ|INE215I01027,MAAN ALUMINIUM LIMITED
NSE_EQ|INE155Z01011,MACPOWER CNC MACHINES LTD
NSE_EQ|INE925C01016,MADHAV MARBLE & GRANITE
NSE_EQ|INE378D01032,MADHUCON PROJECTS LTD.
NSE_EQ|INE414A01015,MADRAS FERTILISERS LTD
NSE_EQ|INE347W01011,MAGADH SUGAR & ENERGY LTD
NSE_EQ|INE387I01016,MAGNUM VENTURES LTD.
NSE_EQ|INE457A01014,BANK OF MAHARASHTRA
NSE_EQ|INE843B01013,MAHA RASHTRA APEX COPR. L
NSE_EQ|INE451L01014,MAHAMAYA STEEL INDS LTD
NSE_EQ|INE215D01010,MAHINDRA EPC IRRIG LTD
NSE_EQ|INE263W01010,MAHESHWARI LOGISTICS LTD.
NSE_EQ|INE813A01018,MAHINDRA LIFESPACE DEVLTD
NSE_EQ|INE766P01016,MAHINDRA LOGISTIC LIMITED
NSE_EQ|INE288A01013,MAHARASHTRA SCOOTERS LTD
NSE_EQ|INE271B01025,MAHARASHTRA SEAMLESS LTD
NSE_EQ|INE683C01011,MAITHAN ALLOYS LTD
NSE_EQ|INE389C01015,MALLCOM (INDIA) LIMITED
NSE_EQ|INE383H01017,MALU PAPER MILLS LIMITED
NSE_EQ|INE859Q01017,MANAK ALUMINIUM CO. LTD.
NSE_EQ|INE830Q01018,MAN COAT METAL & IND LTD
NSE_EQ|INE015D01022,MANAKSIA LTD.
NSE_EQ|INE824Q01011,MANAKSIA STEELS LTD
NSE_EQ|INE201A01024,MANALI PETROCHEMICALS LT
NSE_EQ|INE522D01027,MANAPPURAM FINANCE LTD
NSE_EQ|INE584F01014,MANGALAM DRUG & CHEM LTD
NSE_EQ|INE558B01017,MANG.CHEM.FERT.LTD
NSE_EQ|INE347A01017,MANGALAM CEMENT LTD
NSE_EQ|INE993A01026,MAN INDUSTRIES (I) LTD.
NSE_EQ|INE949H01023,MAN INFRA LTD
NSE_EQ|INE634S01028,MANKIND PHARMA LIMITED
NSE_EQ|INE784W01015,MANOMAY TEX INDIA LTD
NSE_EQ|INE00VM01010,MANORAMA INDUSTRIES LTD
NSE_EQ|INE370D01013,MANGALAM ORGANICS LIMITED
NSE_EQ|INE867A01022,MANUGRAPH INDIA LIMITED
NSE_EQ|INE825V01034,VEDANT FASHIONS LIMITED
NSE_EQ|INE0BV301023,C.E. INFO SYSTEMS LIMITED
NSE_EQ|INE882A01013,MARAL OVERSEAS LTD
NSE_EQ|INE182D01020,MARATHON NXTGEN REALT LTD
NSE_EQ|INE196A01026,MARICO LIMITED
NSE_EQ|INE01JE01028,MARINE ELECTRICAL (I) LTD
NSE_EQ|INE750C01026,MARKSANS PHARMA LIMITED
NSE_EQ|INE00SZ01018,MARSHALL MACHINES LTD
NSE_EQ|INE585B01010,MARUTI SUZUKI INDIA LTD.
NSE_EQ|INE348L01012,MAS FINANCIAL SERV LTD
NSE_EQ|INE759A01021,MASTEK LTD
NSE_EQ|INE866R01028,MATRIMONY.COM LIMITED
NSE_EQ|INE636A01039,MAWANA SUGARS LIMITED
NSE_EQ|INE03EI01018,MAX ESTATES LIMITED
NSE_EQ|INE027H01010,MAX HEALTHCARE INS LTD
NSE_EQ|INE0CG601016,MAX INDIA LIMITED
NSE_EQ|INE040D01038,MAYUR UNIQUOTERS LTD
NSE_EQ|INE885E01034,MAZDA LIMITED
NSE_EQ|INE249Z01012,MAZAGON DOCK SHIPBUIL LTD
NSE_EQ|INE900L01010,MADHYA BHARAT AGRO P. LTD
NSE_EQ|INE748A01016,MCNALLY BH. ENG. CO.LTD
NSE_EQ|INE912H01013,MBL INFRASTRUCTURE LTD
NSE_EQ|INE854D01024,UNITED SPIRITS LIMITED
NSE_EQ|INE813V01022,MADHAV COPPER LIMITED
NSE_EQ|INE942G01012,MCLEOD RUSSEL INDIA LTD.
NSE_EQ|INE745G01035,MULTI COMMODITY EXCHANGE
NSE_EQ|INE474Q01031,GLOBAL HEALTH LIMITED
NSE_EQ|INE456Z01021,MEDI ASSIST HEALTH SER L
NSE_EQ|INE646B01010,MEDICAMEN BIOTECH LIMITED
NSE_EQ|INE630Y01024,MEDICO REMEDIES LIMITED
NSE_EQ|INE804L01022,MEDPLUS HEALTH SERV LTD
NSE_EQ|INE00EM01016,MEGASTAR FOODS LIMITED
NSE_EQ|INE817A01019,MELSTAR INFORMATION TECH
NSE_EQ|INE071D01033,MENON BEARINGS LIMITED
NSE_EQ|INE776I01010,MEP INFRA. DEVELOPERS LTD
NSE_EQ|INE317I01021,METRO BRANDS LIMITED
NSE_EQ|INE112L01020,METROPOLIS HEALTHCARE LTD
NSE_EQ|INE180A01020,MAX FINANCIAL SERV LTD
NSE_EQ|INE0APB01024,MANGALAM GLOBAL ENT LTD
NSE_EQ|INE002S01010,MAHANAGAR GAS LTD.
NSE_EQ|INE112D01035,MAHALAXMI RUBTECH LIMITED
NSE_EQ|INE998I01010,MAHINDRA HOLIDAYS LTD
NSE_EQ|INE287C01037,MIC ELECTRONICS LTD
NSE_EQ|INE099Z01011,MISHRA DHATU NIGAM LTD
NSE_EQ|INE842C01021,MINDA CORPORATION LTD
NSE_EQ|INE110B01017,MINDTECK (INDIA) LIMITED
NSE_EQ|INE831A01028,MIRC ELECTRONICS LTD
NSE_EQ|INE771A01026,MIRZA INTERNATIONAL LIMIT
NSE_EQ|INE828O01033,MITCON CON & ENG SER LTD
NSE_EQ|INE997Y01027,MITTAL LIFE STYLE LIMITED
NSE_EQ|INE964W01021,M K PROTEINS LIMITED
NSE_EQ|INE227C01017,MM FORGINGS LTD
NSE_EQ|INE511Y01018,MMP INDUSTRIES LIMITED
NSE_EQ|INE123F01029,MMTC LIMITED
NSE_EQ|INE832A01018,MODI RUBBER LTD
NSE_EQ|INE737D01021,MODISON LIMITED
NSE_EQ|INE794W01014,MODERN THREADS INDIA LTD
NSE_EQ|INE954E01012,MOHIT INDUSTRIES LTD
NSE_EQ|INE490G01020,MOIL LIMITED
NSE_EQ|INE514Y01020,MOKSH ORNAMENTS LIMITED
NSE_EQ|INE0CT101020,MEGHMANI ORGANICS LIMITED
NSE_EQ|INE835B01035,MOLD-TEK TECHNOLOGIES LTD
NSE_EQ|INE893J01029,MOLD-TEK PACKAGING LTD
NSE_EQ|INE903D01011,MONARCH NETWORTH CAP LTD
NSE_EQ|INE950M01013,MONTE CARLO FASHIONS LTD.
NSE_EQ|INE161G01027,MORARJEE TEXTILES LIMITED
NSE_EQ|INE083A01026,MOREPEN LAB. LTD
NSE_EQ|INE775A01035,SAMVRDHNA MTHRSN INTL LTD
NSE_EQ|INE338I01027,MOTILAL OSWAL FIN LTD
NSE_EQ|INE0FRK01012,MOTISONS JEWELLERS LTD
NSE_EQ|INE861B01023,MOTOR & GENERAL FINANCE L
NSE_EQ|INE356A01018,MPHASIS LIMITED
NSE_EQ|INE943D01017,MPS LIMITED
NSE_EQ|INE883A01011,MRF LTD
NSE_EQ|INE398B01018,MRO-TEK REALTY LIMITED
NSE_EQ|INE103A01014,MRPL
NSE_EQ|INE752G01015,MSP STEEL & POWER LTD.
NSE_EQ|INE255X01014,MSTC LIMITED
NSE_EQ|INE0FS801015,MOTHERSON SUMI WRNG IND L
NSE_EQ|INE864I01014,MTAR TECHNOLOGIES LIMITED
NSE_EQ|INE472M01018,MT EDUCARE LTD
NSE_EQ|INE153A01019,MAHANAGAR TELEPHONE NIGAM
NSE_EQ|INE08KJ01020,MUFIN GREEN FINANCE LTD
NSE_EQ|INE220Q01020,CREDO BRANDS MARKETING L
NSE_EQ|INE304A01026,MUKAND LTD.
NSE_EQ|INE374B01019,MUKTA ARTS LIMITED
NSE_EQ|INE672B01032,MUNJAL AUTO IND. LTD.
NSE_EQ|INE577A01027,MUNJAL SHOWA LTD
NSE_EQ|INE692B01014,MURUDESHWAR CERAMICS LTD
NSE_EQ|INE296G01013,MUTHOOT CAP SERV LTD
NSE_EQ|INE414G01012,MUTHOOT FINANCE LIMITED
NSE_EQ|INE046W01019,MUTHOOT MICROFIN LIMITED
NSE_EQ|INE0KNT01012,MANOJ VAIBHAV GEM N JEW L
NSE_EQ|INE295D01020,NACL INDUSTRIES LIMITED
NSE_EQ|INE454M01024,NAGARJUN FERT AND CHE LTD
NSE_EQ|INE123B20010,NAGREEKA EXPORTS LIMITED
NSE_EQ|INE245I01016,NAGREEKA CAP & INFR.LTD
NSE_EQ|INE123B01028,NAGREEKA EXPORTS LTD.
NSE_EQ|INE049I01012,NAHAR CAP & FIN.
NSE_EQ|INE289A01011,NAHAR INDS ENT LTD
NSE_EQ|INE308A01027,NAHAR POLY FILMS LIMITED
NSE_EQ|INE290A01027,NAHAR SPINNING MILLS LTD.
NSE_EQ|INE298J01013,NIPPON L I A M LTD
NSE_EQ|INE117Z01011,NARMADA AGROBASE LIMITED
NSE_EQ|INE987B01026,NATCO PHARMA LTD.
NSE_EQ|INE448G01010,NATH BIO-GENES (I) LTD
NSE_EQ|INE139A01034,NATIONAL ALUMINIUM CO LTD
NSE_EQ|INE663F01024,INFO EDGE (I) LTD
NSE_EQ|INE725A01022,NAVA LIMITED
NSE_EQ|INE048G01026,NAVIN FLUORINE INT. LTD
NSE_EQ|INE278M01019,NAVKAR CORPORATION LTD.
NSE_EQ|INE060A01024,NAVNEET EDUCATION LTD
NSE_EQ|INE418L01021,NAZARA TECHNOLOGIES LTD
NSE_EQ|INE095N01031,NBCC (INDIA) LIMITED
NSE_EQ|INE365I01020,N.B.I. IND. FIN. CO. LTD
NSE_EQ|INE868B01028,NCC LIMITED
NSE_EQ|INE732C01016,NCL INDUSTRIES LIMITED
NSE_EQ|INE756C01015,NAGA DHUNSERI GROUP LTD
NSE_EQ|INE875G01030,NANDAN DENIM LIMITED
NSE_EQ|INE353A01023,NDL VENTURES LIMITED
NSE_EQ|INE155G01029,NDTV LTD
NSE_EQ|INE553C01016,NORTH EAST CARRY CORP LTD
NSE_EQ|INE023H01027,NECTAR LIFESCIENCES LTD.
NSE_EQ|INE189I01024,NELCAST LIMITED
NSE_EQ|INE045B01015,NELCO LTD
NSE_EQ|INE136S01016,NEOGEN CHEMICALS LIMITED
NSE_EQ|INE317F01035,NESCO LTD.
NSE_EQ|INE239A01024,NESTLE INDIA LIMITED
NSE_EQ|INE0NT901020,NETWEB TECH INDIA LTD
NSE_EQ|INE870H01013,NETWORK18 MEDIA & INV LTD
NSE_EQ|INE794A01010,NEULAND LAB LTD.
NSE_EQ|INE619B01017,NEWGEN SOFTWARE TECH LTD
NSE_EQ|INE747B01016,NEXT MEDIAWORKS LIMITED
NSE_EQ|INE870D01012,NATIONAL FERT. LTD
NSE_EQ|INE236Y01012,NAKODA GROUP OF IND. LTD
NSE_EQ|INE887E01022,NGL FINE CHEM LIMITED
NSE_EQ|INE410P01011,NARAYANA HRUDAYALAYA LTD.
NSE_EQ|INE848E01016,NHPC LTD
NSE_EQ|INE470Y01017,THE NEW INDIA ASSU CO LTD
NSE_EQ|INE047O01014,NRB INDUS. BEARINGS LTD.
NSE_EQ|INE161A01038,NIIT LIMITED
NSE_EQ|INE342G01023,NIIT LEARNING SYSTEMS LTD
NSE_EQ|INE937C01029,NILA INFRASTRUCTURES LTD
NSE_EQ|INE00S901012,NILA SPACES LIMITED
NSE_EQ|INE310A01015,NILKAMAL LIMITED
NSE_EQ|INE395U01014,NINTEC SYSTEMS LIMITED
NSE_EQ|INE567A01028,INDO-NATIONAL LIMITED
NSE_EQ|INE368I01016,NIRAJ CEMENT STRUC LTD
NSE_EQ|INE858F01012,NITCO LIMITED
NSE_EQ|INE229H01012,NITIN SPINNERS LIMITED
NSE_EQ|INE439T01012,NITIRAJ ENGINEERS LTD
NSE_EQ|INE589A01014,NLC INDIA LIMITED
NSE_EQ|INE584A01023,NMDC LTD.
NSE_EQ|INE163A01018,NOCIL LIMITED
NSE_EQ|INE781B01015,NOIDA TOLL BRIDGE CO LTD
NSE_EQ|INE369C01017,NORBEN TEA &EXPORTS LTD
NSE_EQ|INE02H701025,NOVA AGRITECH LIMITED
NSE_EQ|INE740D01017,N R AGARWAL INDS LTD
NSE_EQ|INE349A01021,NRB BEARING LIMITED
NSE_EQ|INE0JM501013,NUPUR RECYCLERS LIMITED
NSE_EQ|INE023A01030,NALWA SONS INVESTMENT LTD
NSE_EQ|INE0NNS01018,NMDC STEEL LIMITED
NSE_EQ|INE733E01010,NTPC LTD
NSE_EQ|INE0DSF01015,NURECA LIMITED
NSE_EQ|INE531F01015,NUVAMA WEALTH MANAGE LTD
NSE_EQ|INE118D01016,NUVOCO VISTAS CORP LTD
NSE_EQ|INE388Y01029,FSN E COMMERCE VENTURES
NSE_EQ|INE959C01023,ORIENTAL AROMATICS LTD
NSE_EQ|INE426Z01016,ORISSA BENGAL CARRIER LTD
NSE_EQ|INE093I01010,OBEROI REALTY LIMITED
NSE_EQ|INE321D01016,ORIENTAL CARBN & CHEM LTD
NSE_EQ|INE881D01027,ORACLE FIN SERV SOFT LTD.
NSE_EQ|INE274J01014,OIL INDIA LTD
NSE_EQ|INE591A01010,OIL COUNTRY TUBULAR LTD.
NSE_EQ|INE260D01016,OLECTRA GREENTECH LIMITED
NSE_EQ|INE090B01011,OMAX AUTOS LTD
NSE_EQ|INE800H01010,OMAXE LIMITED
NSE_EQ|INE474L01016,OMKAR SPL CHEM LTD
NSE_EQ|INE912L01015,ONELIFE CAP ADVISORS LTD
NSE_EQ|INE840Y01029,ONE POINT ONE SOL LTD
NSE_EQ|INE213A01029,OIL AND NATURAL GAS CORP.
NSE_EQ|INE809I01019,ONMOBILE GLOBAL LTD.
NSE_EQ|INE229A01017,ONWARD TECHNOLOGIES LTD
NSE_EQ|INE350C01017,OPTIEMUS INFRACOM LTD
NSE_EQ|INE231G01010,ORBIT EXPORTS LIMITED
NSE_EQ|INE191A01027,ORCHID PHARMA LIMITED
NSE_EQ|INE730A01022,ORICON ENTERPRISES LTD
NSE_EQ|INE998H01012,ORIENTAL TRIMEX LTD
NSE_EQ|INE607D01018,ORIENT BELL LIMITED
NSE_EQ|INE876N01018,ORIENT CEMENT LTD.
NSE_EQ|INE569C01020,ORIENT CERATECH LIMITED
NSE_EQ|INE142Z01019,ORIENT ELECTRIC LIMITED
NSE_EQ|INE750A01020,ORIENT HOTELS LTD
NSE_EQ|INE609C01024,ORIENT PRESS LIMITED
NSE_EQ|INE592A01026,ORIENT PAPER AND INDS LTD
NSE_EQ|INE725E01024,ORISSA MIN DEV CO LTD
NSE_EQ|INE749B01020,ORTIN LABORATORIES LTD
NSE_EQ|INE06IR01021,OSIA HYPER RETAIL LIMITED
NSE_EQ|INE142A01012,OSWAL AGRO MILLS LTD
NSE_EQ|INE143A01010,OSWAL GREENTECH LIMITED
NSE_EQ|INE00IK01029,SHREEOSWAL S AND CHE LTD
NSE_EQ|INE761H01022,PAGE INDUSTRIES LTD
NSE_EQ|INE420C01059,PAISALO DIGITAL LIMITED
NSE_EQ|INE551D01018,PAKKA LIMITED
NSE_EQ|INE471W01019,PALASH SECURITIES LTD
NSE_EQ|INE218G01033,PALRED TECHNOLOGIES LTD
NSE_EQ|INE922B01023,PANACEA BIOTEC LTD
NSE_EQ|INE895W01019,PANACHE DIGILIFE LIMITED
NSE_EQ|INE305C01029,PANAMA PETROCHEM LTD
NSE_EQ|INE697V01011,PANSARI DEVELOPERS LTD
NSE_EQ|INE04LG01015,PAR DRUGS AND CHEM LTD
NSE_EQ|INE074B01023,PARAMOUNT COMM LTD
NSE_EQ|INE088F01024,PARADEEP PHOSPHATES LTD
NSE_EQ|INE883N01014,PARAG MILK FOODS LTD.
NSE_EQ|INE045601015,PARAS DEF AND SPCE TECH L
NSE_EQ|INE162C01024,PARAS PETROFILS LTD.
NSE_EQ|INE988S01028,PARKHOTELS
NSE_EQ|INE561H01026,PARSVNATH DEVELOPER LTD
NSE_EQ|INE818B01023,PASUPATI ACRYLON LIMITED
NSE_EQ|INE619A01035,PATANJALI FOODS LIMITED
NSE_EQ|INE244B01030,PATEL ENGINEERING LTD.
NSE_EQ|INE529D01014,PATEL INT. LOG. LTD
NSE_EQ|INE07S101020,PAVNA INDUSTRIES LIMITED
NSE_EQ|INE982J01020,ONE 97 COMMUNICATIONS LTD
NSE_EQ|INE602A01031,PCBL LIMITED
NSE_EQ|INE785M01013,PC JEWELLER LTD
NSE_EQ|INE865T01018,PUDUMJEE PAPER PRO. LTD
NSE_EQ|INE111Q01021,PDS LIMITED
NSE_EQ|INE844A01013,PEARL POLYMERS LTD
NSE_EQ|INE140A01024,PIRAMAL ENTERPRISES LTD
NSE_EQ|INE932A01024,PENNAR INDUSTRIES LTD
NSE_EQ|INE138A01028,PENINSULA LAND LIMITED
NSE_EQ|INE262H01013,PERSISTENT SYSTEMS LTD
NSE_EQ|INE347G01014,PETRONET LNG LIMITED
NSE_EQ|INE134E01011,POWER FIN CORP LTD.
NSE_EQ|INE182A01018,PFIZER LTD
NSE_EQ|INE367G01038,PRIME FOCUS LIMITED
NSE_EQ|INE560K01014,PTC INDIA FIN SERV LTD
NSE_EQ|INE457L01011,PG ELECTROPLAST LTD
NSE_EQ|INE179A01014,P&G HYGIENE & HEALTH CARE
NSE_EQ|INE199A01012,PROCTER & GAMBLE HEALTH L
NSE_EQ|INE211B01039,THE PHOENIX MILLS LTD
NSE_EQ|INE318A01026,PIDILITE INDUSTRIES LTD
NSE_EQ|INE557Z01018,POWER INSTRUMENT (G) LTD
NSE_EQ|INE603J01030,PI INDUSTRIES LTD
NSE_EQ|INE417C01014,PILANI INV & IND COR LTD
NSE_EQ|INE600A01035,PIL ITALICA LIFESTYLE LTD
NSE_EQ|INE156C01018,PIONEER EMBROIDERIES LTD
NSE_EQ|INE450D01021,PITTI ENGINEERING LIMITED
NSE_EQ|INE751B01018,PIX TRANSMISSIONS LIMITED
NSE_EQ|INE431F01018,THE P K TEA PROD CO LTD
NSE_EQ|INE083C01022,PLASTIBLENDS INDIA LTD
NSE_EQ|INE0INJ01017,PLAZA WIRES LIMITED
NSE_EQ|INE160A01022,PUNJAB NATIONAL BANK
NSE_EQ|INE859A01011,PNB GILTS LIMITED
NSE_EQ|INE572E01012,PNB HOUSING FIN LTD.
NSE_EQ|INE392B01011,PRITISH NANDY COMMUNICATI
NSE_EQ|INE195J01029,PNC INFRATECH LTD.
NSE_EQ|INE063E01046,PONDY OXIDES & CHEM LTD
NSE_EQ|INE888B01018,PODDAR HOUSE & DVPT LTD
NSE_EQ|INE371C01013,PODDAR PIGMENTS LIMITED
NSE_EQ|INE637C01025,POKARNA LIMITED
NSE_EQ|INE417T01026,PB FINTECH LIMITED
NSE_EQ|INE455K01017,POLYCAB INDIA LIMITED
NSE_EQ|INE205C01021,POLY MEDICURE LIMITED
NSE_EQ|INE633B01018,POLYPLEX CORPORATION LTD
NSE_EQ|INE838E01017,PONNIE SUGARS (ERODE) LTD
NSE_EQ|INE511C01022,POONAWALLA FINCORP LTD
NSE_EQ|INE752E01010,POWER GRID CORP. LTD.
NSE_EQ|INE07Y701011,HITACHI ENERGY INDIA LTD
NSE_EQ|INE211R01019,POWER MECH PROJECTS LTD.
NSE_EQ|INE095I01015,PPAP AUTOMOTIVE LIMITED
NSE_EQ|INE050001010,PRAKASH PIPES LIMITED
NSE_EQ|INE0DK501011,PIRAMAL PHARMA LIMITED
NSE_EQ|INE505C01016,PRAJAY ENG. SYN. LTD.
NSE_EQ|INE074A01025,PRAJ INDUSTRIES LTD
NSE_EQ|INE603A01013,PRAKASH INDUSTRIES LTD
NSE_EQ|INE696K01024,PRAKASH STEELAGE LTD
NSE_EQ|INE546Y01022,PRAXIS HOME RETAIL LTD
NSE_EQ|INE484I01029,PRECISION CAMSHAFTS LTD.
NSE_EQ|INE283A01014,PRECOT LIMITED
NSE_EQ|INE372C01037,PRECISION WIRES INDIA LTD
NSE_EQ|INE863B01011,PREMIER EXPLOSIVES LTD
NSE_EQ|INE811K01011,PRESTIGE ESTATE LTD
NSE_EQ|INE726V01018,PRICOL LIMITED
NSE_EQ|INE032B01021,PRIME SECURITIES LIMITED
NSE_EQ|INE689W01016,PRINCE PIPES FITTINGS LTD
NSE_EQ|INE974Z01015,PRITI INTERNATIONAL LTD
NSE_EQ|INE583R01029,PRITIKA AUTO INDUS LTD
NSE_EQ|INE959A01019,PRIVI SPECIALITY CHE LTD
NSE_EQ|INE195N01013,PROZONE REALTY LIMITED
NSE_EQ|INE010A01011,PRISM JOHNSON LIMITED
NSE_EQ|INE00F201020,PRUDENT CORP ADV SER LTD
NSE_EQ|INE024D01016,PRUDENTIAL SUGAR CORPORAT
NSE_EQ|INE608A01012,PUNJAB & SIND BANK
NSE_EQ|INE488V01015,PSP PROJECTS LIMITED
NSE_EQ|INE877F01012,PTC INDIA LIMITED
NSE_EQ|INE596F01018,PTC INDUSTRIES LIMITED
NSE_EQ|INE034D01049,PTL ENTERPRISES LTD
NSE_EQ|INE277B01014,PUNJAB CHEM & CROP PROT L
NSE_EQ|INE323I01011,PURAVANKARA LIMITED
NSE_EQ|INE362A01016,PVP VENTURES LIMITED
NSE_EQ|INE191H01014,PVR INOX LIMITED
NSE_EQ|INE0MIS01010,PYRAMID TECHNOPLAST LTD
NSE_EQ|INE615P01015,QUESS CORP LIMITED
NSE_EQ|INE306L01010,QUICK HEAL TECH LTD
NSE_EQ|INE084Q01012,RACE ECO CHAIN LIMITED
NSE_EQ|INE874F01027,RADAAN MEDIAWORKS (I) LTD
NSE_EQ|INE583V01021,RADHIKA JEWELTECH LIMITED
NSE_EQ|INE855R01021,RADIANT CASH MGMT SER LTD
NSE_EQ|INE944F01028,RADICO KHAITAN LTD
NSE_EQ|INE919I01024,MUSIC BROADCAST LIMITED
NSE_EQ|INE919I04010,MUSIC BROADCAST LIMITED
NSE_EQ|INE0DD101019,RAILTEL CORP OF IND LTD
NSE_EQ|INE855B01025,RAIN INDUSTRIES LIMITED
NSE_EQ|INE961O01016,RAINBOW CHILDRENS MED LTD
NSE_EQ|INE343B01030,RAJESH EXPORTS LTD
NSE_EQ|INE00KV01022,RAJNANDINI METAL LIMITED
NSE_EQ|INE451D01029,RAJRATAN GLOBAL WIRE LTD
NSE_EQ|INE533D01032,RAJ RAYON INDUSTRIES LTD
NSE_EQ|INE562B01019,RAJSHREE SUGAR & CHEMICAL
NSE_EQ|INE952H01027,RAJ TV NETWORK LTD
NSE_EQ|INE613A01020,RALLIS INDIA LTD
NSE_EQ|INE278B01020,SHREE RAMA NEWSPRINT LTD
NSE_EQ|INE809A01024,RAMA PHOSPHATES LIMITED
NSE_EQ|INE230R01035,RAMA STEEL TUBES LIMITED
NSE_EQ|INE331A01037,THE RAMCO CEMENTS LIMITED
NSE_EQ|INE614A01028,RAMCO INDUSTRIES LIMITED
NSE_EQ|INE246B01019,RAMCO SYSTEMS LTD.
NSE_EQ|INE874I01013,RAMKY INFRA LTD
NSE_EQ|INE207E01023,RAM RATNA WIRES LIMITED
NSE_EQ|INE625B01014,RANA SUGARS LTD.
NSE_EQ|INE222J01013,RANE ENG VALVE LTD
NSE_EQ|INE384A01010,RANE HOLDINGS LIMITED
NSE_EQ|INE0CLI01024,RATEGAIN TRAVEL TECHN LTD
NSE_EQ|INE703B01027,RATNAMANI MET & TUB LTD.
NSE_EQ|INE05CZ01011,RATNAVEER PRECISION ENG L
NSE_EQ|INE301A01014,RAYMOND LTD
NSE_EQ|INE07T201019,RESTAURANT BRAND ASIA LTD
NSE_EQ|INE244J01017,RANE BRAKE LINING LTD
NSE_EQ|INE976G01028,RBL BANK LIMITED
NSE_EQ|INE0PEQ01016,RBZ JEWELLERS LIMITED
NSE_EQ|INE027A01015,RASHTRIYA CHEMICALS & FER
NSE_EQ|INE020B01018,REC LIMITED
NSE_EQ|INE891D01026,REDINGTON LIMITED
NSE_EQ|INE0LXT01019,REDTAPE LIMITED
NSE_EQ|INE056I01017,REFEX INDUSTRIES LIMITED
NSE_EQ|INE277C01012,REGENCYCERAMICS-LTD
NSE_EQ|INE131B01039,RELAXO FOOT LTD.
NSE_EQ|INE750D01016,RELIANCE CHEMOTEX IND LTD
NSE_EQ|INE002A01018,RELIANCE INDUSTRIES LTD
NSE_EQ|INE621H01010,RELIGARE ENTER. LTD.
NSE_EQ|INE036A01016,RELIANCE INFRASTRUCTU LTD
NSE_EQ|INE474C01015,REMSONS INDUSTRIES LTD
NSE_EQ|INE087H01022,SHREE RENUKA SUGARS LTD
NSE_EQ|INE612J01015,REPCO HOME FINANCE LTD
NSE_EQ|INE364Z01019,RUDRABHISHEK ENTERP LTD
NSE_EQ|INE461B01014,REPRO INDIA LIMITED
NSE_EQ|INE688D01026,RESPONSIVE INDUSTRIES LTD
NSE_EQ|INE722H01024,RENAISSANCE GLOBAL LTD
NSE_EQ|INE217K01011,RELIANCE HOME FINANCE LTD
NSE_EQ|INE743M01012,RHI MAGNESITA INDIA LTD
NSE_EQ|INE508K01013,ROBUST HOTELS LIMITED
NSE_EQ|INE209B01025,RICO AUTO INDUSTRIES LTD
NSE_EQ|INE046A01015,RELIANCE INDUSTRIAL INFRA
NSE_EQ|INE0N2P01017,RISHABH INSTRUMENTS LTD
NSE_EQ|INE01EG01016,RITCO LOGISTICS LIMITED
NSE_EQ|INE320J01015,RITES LIMITED
NSE_EQ|INE722J01012,RAVI KUMAR DIST. LTD.
NSE_EQ|INE786W01010,RKEC PROJECTS LIMITED
NSE_EQ|INE399G01023,RAMKRISHNA FORGINGS LTD
NSE_EQ|INE050H01012,RANE (MADRAS) LIMITED
NSE_EQ|INE283H01019,ROYAL ORCHID HOTELS LTD
NSE_EQ|INE645S01016,ROLEX RINGS LIMITED
NSE_EQ|INE927A01040,ROLLATAINERS LIMITED
NSE_EQ|INE294G01026,RAJ OIL MILLS LIMITED
NSE_EQ|INE02A801020,ROSSARI BIOTECH LIMITED
NSE_EQ|INE847C01020,ROSSELL INDIA LIMITED
NSE_EQ|INE535D01029,ROTO PUMPS LIMITED
NSE_EQ|INE450U01017,ROUTE MOBILE LIMITED
NSE_EQ|INE105J01010,RPG LIFE SCIENCES LTD
NSE_EQ|INE614G01033,RELIANCE POWER LTD.
NSE_EQ|INE324L01013,R.P.P INFRA PROJECTS LTD.
NSE_EQ|INE760W01015,RAJSHREE POLYPACK LTD
NSE_EQ|INE425Y01011,RPSG VENTURES LIMITED
NSE_EQ|INE0J1F01024,RASHI PERIPHERALS LIMITED
NSE_EQ|INE777K01022,R R KABEL LIMITED
NSE_EQ|INE165B01029,R. S. SOFTWARE (INDIA) LI
NSE_EQ|INE611A01016,RSWM LIMITED
NSE_EQ|INE411H01032,R SYS INTERNATIONAL LTD
NSE_EQ|INE834M01019,RATTANINDIA ENT LIMITED
NSE_EQ|INE399K01017,RATTANINDIA POWER LIMITED
NSE_EQ|INE301D01026,THE RUBY MILLS LTD
NSE_EQ|INE413B01023,RUCHI INFRASTRUCTURE LTD
NSE_EQ|INE803H01014,RUCHIRA PAPERS LIMITED
NSE_EQ|INE895B01021,RUPA & COMPANY LTD
NSE_EQ|INE573K01017,RUSHIL DECOR LIMITED
NSE_EQ|INE263M01029,KEYSTONE REALTORS LIMITED
NSE_EQ|INE09E501017,RAVINDER HEIGHTS LIMITED
NSE_EQ|INE415G01027,RAIL VIKAS NIGAM LIMITED
NSE_EQ|INE902B01017,S&S POWER SWITCHGEARS
NSE_EQ|INE860T01019,SAB EVENTS & GOVERNANCE
NSE_EQ|INE226H01026,SADBHAV ENGINEERING LTD
NSE_EQ|INE764L01010,SADBHAV INFRA PROJ LTD.
NSE_EQ|INE888C01040,SADHANA NITROCHEM LIMITED
NSE_EQ|INE429E01023,SAFARI IND (INDIA) LTD
NSE_EQ|INE976T01013,SAGARDEEP ALLOYS LIMITED
NSE_EQ|INE229C01021,SAGAR CEMENTS LIMITED
NSE_EQ|INE035801013,SAH POLYMERS LIMITED
NSE_EQ|INE280H01015,SAHYADRI INDUSTRIES LTD
NSE_EQ|INE114A01011,STEEL AUTHORITY OF INDIA
NSE_EQ|INE732S01012,SAKAR HEALTHCARE LIMITED
NSE_EQ|INE623A01011,SAKTHI SUGARS LTD
NSE_EQ|INE667G01023,SAKSOFT LIMITED
NSE_EQ|INE190H01024,SAKUMA EXPORTS LIMITED
NSE_EQ|INE170V01027,SALASAR TECHNO ENGG. LTD.
NSE_EQ|INE498E01010,SALONA COTSPIN LTD.
NSE_EQ|INE658G01014,S.A.L. STEEL LTD.
NSE_EQ|INE457F01013,SALZER ELECTRONICS LTD
NSE_EQ|INE699B01027,SAMBHAAV MEDIA LTD
NSE_EQ|INE08U801020,SAMHI HOTELS LIMITED
NSE_EQ|INE735M01018,SAMPANN UTPADAN INDIA LTD
NSE_EQ|INE583B01015,SANDESH LTD
NSE_EQ|INE278H01035,SANDHAR TECHNOLOGIES LTD
NSE_EQ|INE149K01016,SANDUR MANG & IRON ORES L
NSE_EQ|INE495C01010,SANGAM (INDIA) LTD
NSE_EQ|INE999B01013,SANGHI INDUSTRIES LTD
NSE_EQ|INE989A01024,SANGHVI MOVERS LTD
NSE_EQ|INE753W01010,SANGINITA CHEMICALS LTD
NSE_EQ|INE058A01010,SANOFI INDIA LIMITED
NSE_EQ|INE953O01021,SANSERA ENGINEERING LTD
NSE_EQ|INE806T01012,SAPPHIRE FOODS INDIA LTD
NSE_EQ|INE385C01021,SARDA ENERGY & MIN LTD
NSE_EQ|INE979A01025,SAREGAMA INDIA LIMITED
NSE_EQ|INE453D01025,SARLA PERF. FIBERS LTD
NSE_EQ|INE324X01026,SARVESHWAR FOODS LIMITED
NSE_EQ|INE231F01020,SASKEN TECHNOLOGIES LTD
NSE_EQ|INE019J01013,SASTASUNDAR VENTURES LTD
NSE_EQ|INE170E01023,SATIA INDUSTRIES LIMITED
NSE_EQ|INE836B01017,SATIN CREDIT NET LTD
NSE_EQ|INE065D01027,SAT INDUSTRIES LIMITED
NSE_EQ|INE04AK01028,SBC EXPORTS LIMITED
NSE_EQ|INE386D01027,SHIVALIK BIMETAL CON. LTD
NSE_EQ|INE423Y01016,SBFC FINANCE LIMITED
NSE_EQ|INE05ST01010,SURATWWALA BUS GROUP LTD
NSE_EQ|INE018E01016,SBI CARDS & PAY SER LTD
NSE_EQ|INE123W01016,SBI LIFE INSURANCE CO LTD
NSE_EQ|INE062A01020,STATE BANK OF INDIA
NSE_EQ|INE513A01022,SCHAEFFLER INDIA LIMITED
NSE_EQ|INE807K01035,S CHAND AND COMPANY LTD
NSE_EQ|INE839M01018,SCHNEIDER ELECTRIC INFRA
NSE_EQ|INE109A01011,SHIPPING CORP OF INDIA LT
NSE_EQ|INE501Y01019,SHEETAL COOL PRODUCTS LTD
NSE_EQ|INE480C01020,SOM DIST & BREW LTD
NSE_EQ|INE497B01018,SEAMEC LIMITED
NSE_EQ|INE0BTM01013,SECMARK CONSULTANCY LTD
NSE_EQ|INE195Y01010,SECUR CREDENTIALS LIMITED
NSE_EQ|INE650K01021,SECUREKLOUD TECH LIMITED
NSE_EQ|INE818A01017,SELAN EXPLO. TECH LTD
NSE_EQ|INE105I01020,SEL MANUFACTURING CO LTD
NSE_EQ|INE617A01013,SEMAC CONSULTANTS LIMITED
NSE_EQ|INE602W01019,SENCO GOLD LIMITED
NSE_EQ|INE964H01014,SEPC LIMITED
NSE_EQ|INE807F01027,SEQUENT SCIENTIFIC LTD.
NSE_EQ|INE630A01024,SESHASAYEE PAPER & BOARDS
NSE_EQ|INE878E01021,SETCO AUTOMOTIVE LTD
NSE_EQ|INE573R01012,SEYA INDUSTRIES LIMITED
NSE_EQ|INE916U01025,SHEELA FOAM LIMITED
NSE_EQ|INE00QT01015,SYNERGY GREEN IND. LTD
NSE_EQ|INE353H01010,STL GLOBAL LIMITED
NSE_EQ|INE482J01021,SHAH METACORP LIMITED
NSE_EQ|INE640C01011,SHAH ALLOYS LIMITED
NSE_EQ|INE151G01028,SHAILY ENG PLASTICS LTD
NSE_EQ|INE908D01010,SHAKTI PUMPS (I) LTD
NSE_EQ|INE597J01018,SHALBY LIMITED
NSE_EQ|INE849C01026,SHALIM PAINTS LTD
NSE_EQ|INE274V01019,SHANKARA BLDG PRODUCT LTD
NSE_EQ|INE631A01022,SHANTHI GEARS LTD
NSE_EQ|INE221J01015,SHARDA CROPCHEM LTD.
NSE_EQ|INE597I01028,SHARDA MOTOR INDS LTD
NSE_EQ|INE932X01018,SHARE IND. SECURITIES LTD
NSE_EQ|INE932X13013,SHARE IND. SECURITIES LTD
NSE_EQ|INE363M01019,SHEMAROO ENTER. LTD.
NSE_EQ|INE790G01031,SHILPA MEDICARE LTD
NSE_EQ|INE788J01021,SHIVALIK RASAYAN LIMITED
NSE_EQ|INE637H01024,SHIVAM AUTO.LTD
NSE_EQ|INE644Y01017,SHIVA MILLS LIMITED
NSE_EQ|INE705C01020,SHIVA TEXYARN LIMITED
NSE_EQ|INE500L01026,S H KELKAR AND CO. LTD.
NSE_EQ|INE498B01024,SHOPPERS STOP LIMITED
NSE_EQ|INE715Y01023,SHRADHA INFRAPROJECTS LTD
NSE_EQ|INE232A01011,SHREE DIGVIJAY CEM CO LTD
NSE_EQ|INE070A01015,SHREE CEMENT LIMITED
NSE_EQ|INE712K01011,SHRE PUSH CHEM & FERT LTD
NSE_EQ|INE879A01019,SHREE RAMA MULTI TECH LTD
NSE_EQ|INE632X01030,SHRENIK LIMITED
NSE_EQ|INE231C01019,SHREYANS INDUSTRIES LTD
NSE_EQ|INE757B01015,SHREYAS SHIPPING & LOGIST
NSE_EQ|INE526E01018,SHRIRAM PIST. & RING LTD
NSE_EQ|INE721A01013,SHRIRAM FINANCE LIMITED
NSE_EQ|INE217L01019,SHRIRAM PROPERTIES LTD
NSE_EQ|INE979R01011,SHYAM CENTURY FERROUS LTD
NSE_EQ|INE810G01011,SHYAM METALICS AND ENGY L
NSE_EQ|INE635A01023,SHYAM TELECOM LIMITED
NSE_EQ|INE075B01020,SICAL LOGISTICS LIMITED
NSE_EQ|INE003A01024,SIEMENS LTD
NSE_EQ|INE0D0K01022,SIGACHI INDUSTRIES LTD
NSE_EQ|INE529F01035,SIGNET INDUSTRIES LIMITED
NSE_EQ|INE0A0S01010,SIGMA SOLVE LIMITED
NSE_EQ|INE903U01023,SIGNATUREGLOBAL INDIA LTD
NSE_EQ|INE0KGZ01021,SIGNPOST INDIA LIMITED
NSE_EQ|INE112X01017,SIKKO INDUSTRIES LIMITED
NSE_EQ|INE173A01025,STANDARD INDUSTRIES LTD.
NSE_EQ|INE01II01013,SILGO RETAIL LIMITED
NSE_EQ|INE923A01015,SIL INVESTMENTS LIMITED
NSE_EQ|INE203Y01012,SILLY MONKS ENTERTAIN LTD
NSE_EQ|INE625X01018,SILVER TOUCH TECHNO LTD
NSE_EQ|INE748T01016,SIMBHAOLI SUGARS LTD.
NSE_EQ|INE059B01024,SIMPLEX INFRASTRUCTURES L
NSE_EQ|INE325D01025,SINDHU TRADE LINKS LTD
NSE_EQ|INE129Z01016,SINTERCOM INDIA LIMITED
NSE_EQ|INE792Z01011,SIRCA PAINT INDIA LIMITED
NSE_EQ|INE285J01028,SIS LIMITED
NSE_EQ|INE076B01028,SIYARAM SILK MILLS LTD
NSE_EQ|INE284S01014,SJS ENTERPRISES LIMITED
NSE_EQ|INE002L01015,SJVN LTD
NSE_EQ|INE640A01023,SKF INDIA LTD
NSE_EQ|INE439E01022,SKIPPER LIMITED
NSE_EQ|INE411D01015,SKM EGG PROD EXPORT(I) LT
NSE_EQ|INE01IU01018,SKY GOLD LIMITED
NSE_EQ|INE178C01020,SMARTLINK HOLDINGS LTD
NSE_EQ|INE103C01036,SMC GLOBAL SECURITIES LTD
NSE_EQ|INE294B01019,SML ISUZU LIMITED
NSE_EQ|INE017W01010,SARTHAK METALS LIMITED
NSE_EQ|INE320X01016,SMS LIFESCIENCES (I) LTD
NSE_EQ|INE812G01025,SMS PHARMACEUTICALS LTD.
NSE_EQ|INE734N01019,SNOWMAN LOGISTICS LTD.
NSE_EQ|INE671H01015,SOBHA LIMITED
NSE_EQ|INE728Z01015,SOFTTECH ENGINEERS LTD
NSE_EQ|INE624Z01016,SOLARA ACTIVE PHA SCI LTD
NSE_EQ|INE343H01029,SOLAR INDUSTRIES (I) LTD
NSE_EQ|INE355A01028,SOMANY CERAMICS LIMITED
NSE_EQ|INE323J01019,SOMI CONVEYOR BELT. LTD.
NSE_EQ|INE073K01018,SONA BLW PRECISION FRGS L
NSE_EQ|INE00LM01011,SONAM LIMITED
NSE_EQ|INE269A01021,SONATA SOFTWARE LTD
NSE_EQ|INE035D01020,SAVITA OIL TECHNOLO. LTD
NSE_EQ|INE683A01023,THE SOUTH INDIAN BANK LTD
NSE_EQ|INE980Y01015,SOUTH WEST PINNACLE LTD
NSE_EQ|INE212I01016,S. P. APPARELS LIMITED
NSE_EQ|INE572J01011,SPANDANA SPHOORTY FIN LTD
NSE_EQ|INE232I01014,SUN PHARMA ADV.RES.CO.LTD
NSE_EQ|INE970N01027,SPACENET ENTERS IND LTD
NSE_EQ|INE247M01014,SPECIALITY REST LTD
NSE_EQ|INE020801028,SPENCER S RETAIL LIMITED
NSE_EQ|INE147A01011,SPIC LTD
NSE_EQ|INE978G01016,SPL INDUSTRIES LIMITED
NSE_EQ|INE663A01033,SUPREME PETROCHEM LIMITED
NSE_EQ|INE937A01023,SPML INFRA LIMITED
NSE_EQ|INE885H01011,SPORTKING INDIA LIMITED
NSE_EQ|INE268L01020,SHEKHAWATI POLY-YARN LTD.
NSE_EQ|INE099F01013,SREELEATHERS LIMITED
NSE_EQ|INE647A01010,SRF LTD
NSE_EQ|INE559N01010,SRG HOUSING FINANCE L
NSE_EQ|INE917H01012,SREE RAYALSEEMA HHP LTD.
NSE_EQ|INE008Z01020,SHREE RAM PROTEINS LTD.
NSE_EQ|INE802C01033,STEEL STRIPS WHEELS LTD.
NSE_EQ|INE939A01011,STRIDES PHARMA SCI LTD
NSE_EQ|INE460H01021,STAR CEMENT LIMITED
NSE_EQ|INE575P01011,STAR HEALTH & AL INS CO L
NSE_EQ|INE733A01018,STAR PAPER MILLS LTD
NSE_EQ|INE992I01013,STARTECK FINANCE LIMITED
NSE_EQ|INE655A01013,THE STATE TRADING CORPN
NSE_EQ|INE124E01020,STEELCAST LIMITED
NSE_EQ|INE395H01011,STEEL CITY SECURITIES LTD
NSE_EQ|INE503B01021,STEEL EXCHANGE INDIA LTD
NSE_EQ|INE577L01016,STEL HOLDINGS LIMITED
NSE_EQ|INE334A01023,STERLING TOOLS LIMITED
NSE_EQ|INE089C01029,STERLITE TECHNOLOGIES LTD
NSE_EQ|INE00IN01015,STOVE KRAFT LIMITED
NSE_EQ|INE239C01020,STYLAM INDUSTRIES LIMITED
NSE_EQ|INE189B01011,STYRENIX PERFORMANCE LTD
NSE_EQ|INE754A01055,SUBEX LTD
NSE_EQ|INE287B01021,SUBROS LIMITED
NSE_EQ|INE659A01023,SUDARSHAN CHEMICAL INDS L
NSE_EQ|INE450E01011,SUKHJIT STARCH & CHEM LTD
NSE_EQ|INE142Q01026,SULA VINEYARDS LIMITED
NSE_EQ|INE235C01010,SUMEET IND LIMITED
NSE_EQ|INE258G01013,SUMITOMO CHEM INDIA LTD
NSE_EQ|INE748Z01013,SUMIT WOODS LIMITED
NSE_EQ|INE519C01017,SUMMIT SECURITIES LTD
NSE_EQ|INE0Q3R01026,SUNDARAM CLAYTON LIMITED
NSE_EQ|INE108E01023,SUNDARAM MULTI PAP LTD
NSE_EQ|INE660A01013,SUNDARAM FINANCE LTD
NSE_EQ|INE202Z01029,SUNDARAM FINANCE HOLD LTD
NSE_EQ|INE073D01013,SUNDARAM BRAK LININGS LTD
NSE_EQ|INE387A01021,SUNDRAM FASTENERS LTD
NSE_EQ|INE947A01014,SUNFLAG IRON AND STEEL CO
NSE_EQ|INE044A01036,SUN PHARMACEUTICAL IND L
NSE_EQ|INE805D01034,SUNTECK REALTY LIMITED
NSE_EQ|INE424H01027,SUN TV NETWORK LIMITED
NSE_EQ|INE712B01010,SUPERHOUSE LIMITED
NSE_EQ|INE662A01027,SUPER SPINNING MILLS LTD
NSE_EQ|INE399C01030,SUPRAJIT ENGINEERING LTD
NSE_EQ|INE195A01028,SUPREME INDUSTRIES LTD
NSE_EQ|INE550H01011,SUPREME INFRA. LTD
NSE_EQ|INE07RO01027,SUPRIYA LIFESCIENCE LTD
NSE_EQ|INE843S01025,SURAJ ESTATE DEVELOPERS L
NSE_EQ|INE272L01022,SURANA SOLAR LIMITED
NSE_EQ|INE130B01031,SURANA TELECOM AND POW LT
NSE_EQ|INE713B01026,SURYALAKSHMI COT MIL LTD
NSE_EQ|INE335A01020,SURYA ROSHNI LTD
NSE_EQ|INE428Q01011,SURYODAY SMALL FIN BK LTD
NSE_EQ|INE645H01027,SUTLEJ TEXT & INDUS LTD
NSE_EQ|INE591Q01016,SUUMAYA INDUSTRIES LTD
NSE_EQ|INE495B01038,SUVEN LIFE SCIENCES LTD
NSE_EQ|INE03QK01018,SUVEN PHARMACEUTICALS LTD
NSE_EQ|INE018401013,SUVIDHAA INFOSERVE LTD
NSE_EQ|INE040H01021,SUZLON ENERGY LIMITED
NSE_EQ|INE00CE01017,SHREE VASU LOGISTICS LTD
NSE_EQ|INE308E01029,SVP GLOBAL TEXTILES LTD
NSE_EQ|INE665A01038,SWAN ENERGY LIMITED
NSE_EQ|INE277A01016,SWARAJ ENGINES LTD
NSE_EQ|INE409B01013,SWELECT ENERGY SYS LTD
NSE_EQ|INE00M201021,STRLNG & WIL REN ENE LTD
NSE_EQ|INE225D01027,SYMPHONY LIMITED
NSE_EQ|INE312C01025,SYNCOM FORMU (I) LTD
NSE_EQ|INE398R01022,SYNGENE INTERNATIONAL LTD
NSE_EQ|INE0DYJ01015,SYRMA SGS TECHNOLOGY LTD
NSE_EQ|INE123C01018,TAINWALA CHEMICAL AND PLA
NSE_EQ|INE586B01026,TAJ GVK HOTELS & RESORTS
NSE_EQ|INE142I01023,TAKE SOLUTIONS LTD
NSE_EQ|INE187D01029,TALBROS AUTO. COMP. LTD
NSE_EQ|INE483C01032,TANLA PLATFORMS LIMITED
NSE_EQ|INE747K01017,TARAPUR TRANSFORMERS LTD
NSE_EQ|INE0EK901012,TARC LIMITED
NSE_EQ|INE924H01018,TARMAT LIMITED
NSE_EQ|INE144Z01023,TARSONS PRODUCTS LIMITED
NSE_EQ|INE488B01017,TASTY BITE EATABLES LTD
NSE_EQ|INE092A01019,TATA CHEMICALS LTD
NSE_EQ|INE151A01013,TATA COMMUNICATIONS LTD
NSE_EQ|INE192A01025,TATA CONSUMER PRODUCT LTD
NSE_EQ|INE670A01012,TATA ELXSI LIMITED
NSE_EQ|INE672A01018,TATA INVESTMENT CORP LTD
NSE_EQ|INE155A01022,TATA MOTORS LIMITED
NSE_EQ|IN9155A01020,TATA MOTORS DVR  A  ORD
NSE_EQ|INE245A01021,TATA POWER CO LTD
NSE_EQ|INE081A01020,TATA STEEL LIMITED
NSE_EQ|INE142M01025,TATA TECHNOLOGIES LIMITED
NSE_EQ|INE0GK401011,TATVA CHIN PHARM CHEM LTD
NSE_EQ|INE760L01018,TRIB BHIMJI ZAVERI LTD
NSE_EQ|INE688A01022,TRANSPORT CORPN OF INDIA
NSE_EQ|INE586V01016,TCI EXPRESS LIMITED
NSE_EQ|INE388G01026,TANTIA CONSTRUCTIONS LTD
NSE_EQ|INE778U01029,TCNS CLOTHING CO. LIMITED
NSE_EQ|INE822C01015,TCPL PACKAGING LIMITED
NSE_EQ|INE467B01029,TATA CONSULTANCY SERV LT
NSE_EQ|INE419M01027,TD POWER SYSTEMS LTD.
NSE_EQ|INE985S01024,TEAMLEASE SERVICES LTD.
NSE_EQ|INE778A01021,TECHINDIA NIRMAN LIMITED
NSE_EQ|INE669C01036,TECH MAHINDRA LIMITED
NSE_EQ|INE285K01026,TECHNO ELEC & ENG CO. LTD
NSE_EQ|INE014B01011,TECIL CHEMICALS
NSE_EQ|INE011K01018,TEGA INDUSTRIES LIMITED
NSE_EQ|INE010J01012,TEJAS NETWORKS LIMITED
NSE_EQ|INE869Y01010,TEMBO GLOBAL IND LTD
NSE_EQ|INE482B01010,TERA SOFTWARE LIMITED
NSE_EQ|INE435C01024,TEXMACO INFRA & HOLDG LTD
NSE_EQ|INE141K01013,TEXMO PIPE & PRODUCTS LTD
NSE_EQ|INE621L01012,TEXMACO RAIL & ENG. LTD.
NSE_EQ|INE305A01015,TOURISM FINANCE CORP. OF
NSE_EQ|INE804H01012,TRANSWARRANTY FIN. LTD.
NSE_EQ|INE797H01018,TGB BANQUETS&HOTELS LTD
NSE_EQ|INE085J01014,THANGAMAYIL JEWELLERY LTD
NSE_EQ|INE924D01017,THE INVEST TRUST OF IND L
NSE_EQ|INE121N01019,THEJO ENGINEERING LIMITED
NSE_EQ|INE083B01024,THEMIS MEDICARE LTD.
NSE_EQ|INE152A01029,THERMAX LTD
NSE_EQ|INE332A01027,THOMAS COOK (INDIA) LTD
NSE_EQ|INE480M01011,THOMAS SCOTT (INDIA) LTD
NSE_EQ|INE594H01019,THYROCARE TECH LTD
NSE_EQ|INE133E01013,TILAKNAGAR INDUSTRIES LTD
NSE_EQ|INE484C01030,TIDE WATER OIL LTD
NSE_EQ|INE545H01011,TECHNOCRAFT IND LTD
NSE_EQ|INE974X01010,TUBE INVEST OF INDIA LTD
NSE_EQ|INE440L01017,TIJARIA POLYPIPES LTD
NSE_EQ|INE806C01018,TIL LTD
NSE_EQ|INE289C01025,TIMES GUARANTY LIMITED
NSE_EQ|INE508G01029,TIME TECHNOPLAST LTD.
NSE_EQ|INE325A01013,TIMKEN INDIA LTD.
NSE_EQ|INE0LQS01015,TIPS FILMS LIMITED
NSE_EQ|INE716B01029,TIPS INDUSTRIES LIMITED
NSE_EQ|INE338A01024,THIRUMALAI CHEMICALS LTD
NSE_EQ|INE319Y01024,TIRUPATI FORGE LIMITED
NSE_EQ|INE615H01020,TITAGARH RAIL SYSTEMS LTD
NSE_EQ|INE280A01028,TITAN COMPANY LIMITED
NSE_EQ|INE668A01016,TAMILNAD MERCA BANK LTD
NSE_EQ|INE148A01019,TAMILNADU PETROPRODUCTS L
NSE_EQ|INE107A01015,TAMILNADU NEWSPRT & PAPER
NSE_EQ|INE141D01018,TAMILNADU TELECOMMUNICATI
NSE_EQ|INE932C01012,TOKYO PLAST INTL LTD
NSE_EQ|INE685A01028,TORRENT PHARMACEUTICALS L
NSE_EQ|INE813H01021,TORRENT POWER LTD
NSE_EQ|INE336X01012,TOTAL TRANSPORT SYS LTD
NSE_EQ|INE486Y01013,TOUCHWOOD ENTERTAIN LTD.
NSE_EQ|INE065J01024,TEAMO PRODUCTIONS HQ LTD
NSE_EQ|INE413G01022,TPL PLASTECH LIMITED
NSE_EQ|INE0HMF01019,TRACXN TECHNOLOGIES LTD
NSE_EQ|INE040M01013,TREE HOUSE EDU LTD
NSE_EQ|INE00CA01015,TREJHARA SOLUTIONS LTD
NSE_EQ|INE0O3901029,TRANSINDIA REAL ESTATE L
NSE_EQ|INE849A01020,TRENT LTD
NSE_EQ|INE391D01019,TRF LIMITED
NSE_EQ|INE064C01022,TRIDENT LIMITED
NSE_EQ|INE948A01012,TRIGYN TECHNOLOGIES LTD
NSE_EQ|INE763I01026,TRANS & RECTI. LTD
NSE_EQ|INE152M01016,TRIVENI TURBINE LIMITED
NSE_EQ|INE256C01024,TRIVENI ENGG. & INDS. LTD
NSE_EQ|INE615R01029,TRUCAP FINANCE LIMITED
NSE_EQ|INE910C01018,TTK HEALTHCARE LIMITED
NSE_EQ|INE690A01028,TTK PRESTIGE LTD
NSE_EQ|INE592B01016,T T LIMITED
NSE_EQ|INE517B01013,TATA TELESERV(MAHARASTRA)
NSE_EQ|INE886H01027,TV18 BROADCAST LIMITED
NSE_EQ|INE236G01019,TVS ELECTRONICS LTD
NSE_EQ|INE105A01035,TVS HOLDINGS LIMITED
NSE_EQ|INE105A04013,TVS HOLDINGS LIMITED
NSE_EQ|INE494B01023,TVS MOTOR COMPANY  LTD
NSE_EQ|INE395N01027,TVS SUPPLY CHAIN SOL L
NSE_EQ|INE421C01016,TVS SRICHAKRA LIMITED
NSE_EQ|INE038F01029,TV TODAY NETWORK LTD
NSE_EQ|INE871L01013,TV VISION LIMITED
NSE_EQ|INE686F01025,UNITED BREWERIES LTD
NSE_EQ|INE139B01016,UCAL LIMITED
NSE_EQ|INE691A01018,UCO BANK
NSE_EQ|INE851I01011,UPDATER SERVICES LIMITED
NSE_EQ|INE516A01017,UFLEX LIMITED
NSE_EQ|INE527H01019,UFO MOVIEZ INDIA LTD.
NSE_EQ|INE071E01023,THE UGAR SUGAR WORKS LTD
NSE_EQ|INE583D01011,UGRO CAPITAL LIMITED
NSE_EQ|INE334L01012,UJJIVAN FIN. SERVC. LTD.
NSE_EQ|INE551W01018,UJJIVAN SMALL FINANC BANK
NSE_EQ|INE481G01011,ULTRATECH CEMENT LIMITED
NSE_EQ|INE0GIU01018,UMA EXPORTS LIMITED
NSE_EQ|INE864B01027,UMANG DAIRIES LIMITED
NSE_EQ|INE240C01028,USHA MARTIN EDU & SOL LTD
NSE_EQ|INE351A01035,UNICHEM LABORATORIES LTD
NSE_EQ|INE961D01019,UNITED DRILLING TOOLS LTD
NSE_EQ|INE037A01022,UNIPHOS ENTERPRISES LTD
NSE_EQ|INE481Z01011,UNIINFO TELECOM SERVI LTD
NSE_EQ|INE692A01016,UNION BANK OF INDIA
NSE_EQ|INE244O01017,UNIPARTS INDIA LIMITED
NSE_EQ|INE694A01020,UNITECH LIMITED
NSE_EQ|INE368U01011,UNITED POLYFAB GUJ. LTD.
NSE_EQ|INE458F01011,UNITED NILGIRI TEA LTD
NSE_EQ|INE562X01013,UNIVASTU INDIA LIMITED
NSE_EQ|INE279A01012,UNIVERSAL CABLES LTD
NSE_EQ|INE03V001013,UNIVERSUS IMAGINGS LTD
NSE_EQ|INE405E01023,UNO MINDA LIMITED
NSE_EQ|INE628A01036,UPL LIMITED
NSE_EQ|INE568Z01015,URAVI T AND WEDG LAMP LTD
NSE_EQ|INE550C01020,URJA GLOBAL LIMITED
NSE_EQ|INE228A01035,USHA MARTIN LTD.
NSE_EQ|INE0N0Y01013,UDAYSHIVAKUMAR INFRA LTD
NSE_EQ|INE094J01016,UTI ASSET MNGMT CO LTD
NSE_EQ|INE735W01017,UTKARSH SMALL FIN BANK L
NSE_EQ|INE786F01031,UTTAM SUGAR MILLS LTD.
NSE_EQ|INE945H01013,V2 RETAIL LIMITED
NSE_EQ|INE694D01016,VADILAL INDUSTRIES LTD
NSE_EQ|INE884A01027,VAIBHAV GLOBAL LIMITED
NSE_EQ|INE972X01014,VAISHALI PHARMA LIMITED
NSE_EQ|INE051B01021,VAKRANGEE LIMITED
NSE_EQ|INE0JWS01017,VALIANT LABORATORIES LTD
NSE_EQ|INE565V01010,VALIANT ORGANICS LIMITED
NSE_EQ|INE116G01013,VARDHAMAN ACRYLICS LTD
NSE_EQ|INE835A01011,VARDHMAN POLYTEX LTD.
NSE_EQ|INE665L01035,VARROC ENGINEERING LTD.
NSE_EQ|INE893I01013,VASCON ENGINEERS LTD
NSE_EQ|INE590L01019,VASWANI IND LTD
NSE_EQ|INE200M01021,VARUN BEVERAGES LIMITED
NSE_EQ|INE098201036,VAXTEX COTFAB LIMITED
NSE_EQ|INE205A01025,VEDANTA LIMITED
NSE_EQ|INE398A01010,VENKY S (INDIA) LIMITED
NSE_EQ|INE0JA001018,VENUS PIPES & TUBES LTD
NSE_EQ|INE411B01019,VENUS REMEDIES LIMITED
NSE_EQ|INE0IQ001011,VERANDA LEARNING SOL LTD
NSE_EQ|INE188Y01015,VERTOZ ADVERTISING LTD
NSE_EQ|INE386A01015,VESUVIUS INDIA LTD
NSE_EQ|INE918N01018,VETO SWITCHGEAR CABLE LTD
NSE_EQ|INE951I01027,V-GUARD IND LTD.
NSE_EQ|INE701A01023,VARDHMAN HOLDINGS LIMITED
NSE_EQ|INE632C01026,VIDHI SPCLTY F INGRDNTS L
NSE_EQ|INE043W01024,VIJAYA DIAGNOSTIC CEN LTD
NSE_EQ|INE159N01027,VIJI FINANCE LIMITED
NSE_EQ|INE806A01020,VIKAS ECOTECH LIMITED
NSE_EQ|INE161L01027,VIKAS LIFECARE LIMITED
NSE_EQ|INE579C01029,VIMTA LABS LIMITED
NSE_EQ|INE410B01037,VINATI ORGANICS LTD
NSE_EQ|INE707A01012,VINDHYA TELELINKS LTD
NSE_EQ|INE505Y01010,VINEET LABORATORIES LTD
NSE_EQ|INE01KI01027,VINNY OVERSEAS LIMITED
NSE_EQ|INE250B01029,VINYL CHEMICALS (I) LTD.
NSE_EQ|INE450G01024,VIP CLOTHING LIMITED
NSE_EQ|INE054A01027,VIP INDUSTRIES LTD
NSE_EQ|INE946H01037,VIPUL LIMITED
NSE_EQ|INE539B01017,VIRINCHI LIMITED
NSE_EQ|INE392A01021,VISAKA INDUSTRIES LIMITED
NSE_EQ|INE861A01058,VISESH INFOTECNICS LTD
NSE_EQ|INE270I01022,VISHNU CHEMICALS LIMITED
NSE_EQ|INE430N01022,VISHWARAJ SUGAR IND LTD
NSE_EQ|INE370E01029,VISAGAR POLYTEX LTD
NSE_EQ|INE03HW01020,VL E GOV AND IT SOL LTD
NSE_EQ|INE709A01018,VLS FINANCE LTD
NSE_EQ|INE665J01013,VMART RETAIL LTD
NSE_EQ|INE540H01012,VOLTAMP TRANSFORMERS LTD
NSE_EQ|INE226A01021,VOLTAS LTD
NSE_EQ|INE0AE001013,VISHNU PRAKASH R PUNGLI L
NSE_EQ|INE366I01010,VRL LOGISTICS LIMITED
NSE_EQ|INE050M01012,VARDHMAN SPC STEEL LTD
NSE_EQ|INE710A01016,VST INDUSTRIES LTD
NSE_EQ|INE764D01017,VST TILLERS TRACTORS LTD
NSE_EQ|INE825A01020,VARDHMAN TEXTILES LIMITED
NSE_EQ|INE956G01038,VA TECH WABAG LTD
NSE_EQ|INE711A01022,WALCHANDNAGAR INDUSTRIES
NSE_EQ|INE107F01022,WANBURY LIMITED
NSE_EQ|INE658T01017,WEALTH FRST PORT. MG. LTD
NSE_EQ|INE855C01015,WEBSOL ENERGY SYSTEM LTD
NSE_EQ|INE080A01014,WEIZMANN LTD
NSE_EQ|INE02WG01016,WONDER ELECTRICALS LTD
NSE_EQ|INE191B01025,WELSPUN CORP LIMITED
NSE_EQ|INE625G01013,WELSPUN ENTERPRISES LTD.
NSE_EQ|INE389K01018,WELSPUN INV & COMM LTD
NSE_EQ|INE192B01031,WELSPUN LIVING LIMITED
NSE_EQ|INE274C01019,WENDT (INDIA) LIMITED
NSE_EQ|INE274F01020,WESTLIFE FOODWORLD LTD
NSE_EQ|INE715A01015,WHEELS INDIA LTD
NSE_EQ|INE716A01013,WHIRLPOOL OF INDIA LTD
NSE_EQ|INE210A01017,WILLIAMSON MAGOR
NSE_EQ|INE0H5O01029,WINDLAS BIOTECH LIMITED
NSE_EQ|INE052A01021,WINDSOR MACHINES LIMITED
NSE_EQ|INE784B01035,WINSOME YARNS LIMITED
NSE_EQ|INE215F01023,THE WESTERN INDIA PLY LTD
NSE_EQ|INE075A01022,WIPRO LTD
NSE_EQ|INE049B01025,WOCKHARDT LIMITED
NSE_EQ|INE066O01014,WONDERLA HOLIDAYS LTD.
NSE_EQ|INE196Y01018,WORTH PERIPHERALS LIMITED
NSE_EQ|INE100D01014,W.S.INDUSTRIES (I) LTD.
NSE_EQ|INE976A01021,WEST COAST PAPER MILLS LT
NSE_EQ|INE692G01013,XCHANGING SOLUTIONS LTD
NSE_EQ|INE01P501012,XELPMOC DESIGN & TECH LTD
NSE_EQ|INE445C01015,XPRO INDIA LIMITED
NSE_EQ|INE126M01010,YAARI DIGI INT SER LTD
NSE_EQ|INE616Z01012,YASHO INDUSTRIES LIMITED
NSE_EQ|INE0JO301016,YATHARTH HOSP & TRA C S L
NSE_EQ|INE0JR601024,YATRA ONLINE LIMITED
NSE_EQ|INE528G01035,YES BANK LIMITED
NSE_EQ|INE384C01016,YUKEN INDIA LIMITED
NSE_EQ|INE07K301024,ZAGGLE PREPA OCEAN SER L
NSE_EQ|INE256A01028,ZEE ENTERTAINMENT ENT LTD
NSE_EQ|INE565L01011,ZEE LEARN LIMITED
NSE_EQ|INE966H01019,ZEE MEDIA CORPORATION LTD
NSE_EQ|INE058B01018,ZENITH EXPORTS LTD
NSE_EQ|INE520A01027,ZENSAR TECHNOLOGIES  LTD
NSE_EQ|INE251B01027,ZEN TECHNOLOGIES LIMITED
NSE_EQ|INE342J01019,ZF COM VE CTR SYS IND LTD
NSE_EQ|INE518E01015,ZIM LABORATORIES LIMITED
NSE_EQ|INE761Y01019,ZODIAC ENERGY LIMITED
NSE_EQ|INE206B01013,ZODIAC CLOTHING CO. LTD.
NSE_EQ|INE758T01015,ZOMATO LIMITED
NSE_EQ|INE358U01012,ZOTA HEALTH CARE LIMITED
NSE_EQ|INE840M01016,ZUARI AGRO CHEMICALS LTD
NSE_EQ|INE217A01012,ZUARI INDUSTRIES LIMITED
NSE_EQ|INE010B01027,ZYDUS LIFESCIENCES LTD
NSE_EQ|INE768C01010,ZYDUS WELLNESS LIMITED
